"state","district","repub.prop","repub.num","dem.prop","dem.num","other.prop","dem.pres","dem.pres.num","dem.elec.wins","repub.pres","repub.pres.num","repub.elec.wins","Population","Percentage.of.Population","Electors","People.per.Elector","Senators","People.per.Senate.seat","House.seats","People.per.House.seat","method","num.dem.sen","num.repub.sen","num.other.sen","num.dem.house","num.repub.house","num.other.house","seat.party"
"AK","00",63.94,185296,28.61,82927,7.45,41.2,NA,NA,55.3,NA,NA,NA,NA,NA,NA,NA,NA,NA,NA,NA,NA,NA,NA,NA,NA,NA,"R"
"AK","S",48.8,119579,45.6,111668,5.6,40.81,122640,0,54.8,164676,3,721523,0.23,3,240508,2,360762,1,721523,"WTA",1,1,0,0,1,0,NA
"AL","01",97.86,196374,0,0,2.14,37.4,NA,NA,61.8,NA,NA,NA,NA,NA,NA,NA,NA,NA,NA,NA,NA,NA,NA,NA,NA,NA,"R"
"AL","02",63.6,180591,36.31,103092,0.09,36.4,NA,NA,62.9,NA,NA,NA,NA,NA,NA,NA,NA,NA,NA,NA,NA,NA,NA,NA,NA,NA,"R"
"AL","03",64,175306,35.83,98141,0.17,36.8,NA,NA,62.3,NA,NA,NA,NA,NA,NA,NA,NA,NA,NA,NA,NA,NA,NA,NA,NA,NA,"R"
"AL","04",73.97,199071,25.9,69706,0.13,24,NA,NA,74.8,NA,NA,NA,NA,NA,NA,NA,NA,NA,NA,NA,NA,NA,NA,NA,NA,NA,"R"
"AL","05",64.95,189185,34.94,101772,0.11,34.9,NA,NA,63.9,NA,NA,NA,NA,NA,NA,NA,NA,NA,NA,NA,NA,NA,NA,NA,NA,NA,"R"
"AL","06",71.17,219262,28.65,88267,0.18,24.7,NA,NA,74.3,NA,NA,NA,NA,NA,NA,NA,NA,NA,NA,NA,NA,NA,NA,NA,NA,NA,"R"
"AL","07",24.09,73835,75.85,232520,0.06,72.4,NA,NA,27.1,NA,NA,NA,NA,NA,NA,NA,NA,NA,NA,NA,NA,NA,NA,NA,NA,NA,"D"
"AL","S",100,0,0,0,0,38.36,795696,0,60.55,1255925,9,4802982,1.55,9,533665,2,2401491,7,686140,"WTA",0,2,0,1,6,0,NA
"AR","01",56.23,138800,39.13,96601,4.64,36.3,NA,NA,61,NA,NA,NA,NA,NA,NA,NA,NA,NA,NA,NA,NA,NA,NA,NA,NA,NA,"R"
"AR","02",55.19,158175,39.48,113156,5.33,42.9,NA,NA,54.7,NA,NA,NA,NA,NA,NA,NA,NA,NA,NA,NA,NA,NA,NA,NA,NA,NA,"R"
"AR","03",75.9,186467,0,0,24.1,31.6,NA,NA,65.5,NA,NA,NA,NA,NA,NA,NA,NA,NA,NA,NA,NA,NA,NA,NA,NA,NA,"R"
"AR","04",59.53,154149,36.69,95013,3.78,35.9,NA,NA,61.8,NA,NA,NA,NA,NA,NA,NA,NA,NA,NA,NA,NA,NA,NA,NA,NA,NA,"R"
"AR","S",56.5,476309,39.5,332669,4,36.88,394409,0,60.57,647744,6,2926229,0.94,6,487705,2,1463115,4,731557,"WTA",1,1,0,0,4,0,NA
"AZ","01",45.15,113594,48.8,122774,6.05,47.9,NA,NA,50.4,NA,NA,NA,NA,NA,NA,NA,NA,NA,NA,NA,NA,NA,NA,NA,NA,NA,"D"
"AZ","02",49.57,144884,50.41,147338,0.02,48.4,NA,NA,49.9,NA,NA,NA,NA,NA,NA,NA,NA,NA,NA,NA,NA,NA,NA,NA,NA,NA,"D"
"AZ","03",37.15,62663,58.37,98468,4.48,61.4,NA,NA,36.9,NA,NA,NA,NA,NA,NA,NA,NA,NA,NA,NA,NA,NA,NA,NA,NA,NA,"D"
"AZ","04",66.83,162907,28.37,69154,4.8,31,NA,NA,67.2,NA,NA,NA,NA,NA,NA,NA,NA,NA,NA,NA,NA,NA,NA,NA,NA,NA,"R"
"AZ","05",67.19,183470,32.81,89589,0,34.6,NA,NA,63.8,NA,NA,NA,NA,NA,NA,NA,NA,NA,NA,NA,NA,NA,NA,NA,NA,NA,"R"
"AZ","06",61.3,179706,33.31,97666,5.39,38.8,NA,NA,59.5,NA,NA,NA,NA,NA,NA,NA,NA,NA,NA,NA,NA,NA,NA,NA,NA,NA,"R"
"AZ","07",0,0,81.74,104489,18.26,71.7,NA,NA,26.5,NA,NA,NA,NA,NA,NA,NA,NA,NA,NA,NA,NA,NA,NA,NA,NA,NA,"D"
"AZ","08",63.35,172809,35.06,95635,1.59,36.9,NA,NA,61.7,NA,NA,NA,NA,NA,NA,NA,NA,NA,NA,NA,NA,NA,NA,NA,NA,NA,"R"
"AZ","09",44.63,111630,48.73,121881,6.64,51.1,NA,NA,46.6,NA,NA,NA,NA,NA,NA,NA,NA,NA,NA,NA,NA,NA,NA,NA,NA,NA,"D"
"AZ","S",49.23,1104457,46.2,1036542,4.57,44.59,1025232,0,53.65,1233654,11,6412700,2.07,11,582973,2,3206350,9,712522,"WTA",0,2,0,5,4,0,NA
"CA","01",57.38,168827,42.62,125386,0,40.3,NA,NA,56.6,NA,NA,NA,NA,NA,NA,NA,NA,NA,NA,NA,NA,NA,NA,NA,NA,NA,"R"
"CA","02",28.76,91310,71.24,226216,0,69,NA,NA,27,NA,NA,NA,NA,NA,NA,NA,NA,NA,NA,NA,NA,NA,NA,NA,NA,NA,"D"
"CA","03",45.77,107086,54.23,126882,0,54.3,NA,NA,43.1,NA,NA,NA,NA,NA,NA,NA,NA,NA,NA,NA,NA,NA,NA,NA,NA,NA,"D"
"CA","04",61.11,197803,38.89,125885,0,39.5,NA,NA,57.9,NA,NA,NA,NA,NA,NA,NA,NA,NA,NA,NA,NA,NA,NA,NA,NA,NA,"R"
"CA","05",25.53,69545,74.47,202872,0,69.7,NA,NA,27.5,NA,NA,NA,NA,NA,NA,NA,NA,NA,NA,NA,NA,NA,NA,NA,NA,NA,"D"
"CA","06",24.95,53406,75.05,160667,0,69.1,NA,NA,28.3,NA,NA,NA,NA,NA,NA,NA,NA,NA,NA,NA,NA,NA,NA,NA,NA,NA,"D"
"CA","07",48.32,132050,51.68,141241,0,50.8,NA,NA,46.8,NA,NA,NA,NA,NA,NA,NA,NA,NA,NA,NA,NA,NA,NA,NA,NA,NA,"D"
"CA","08",57.39,103093,0,0,42.61,41.7,NA,NA,55.6,NA,NA,NA,NA,NA,NA,NA,NA,NA,NA,NA,NA,NA,NA,NA,NA,NA,"R"
"CA","09",44.45,94704,55.55,118373,0,57.8,NA,NA,40.1,NA,NA,NA,NA,NA,NA,NA,NA,NA,NA,NA,NA,NA,NA,NA,NA,NA,"D"
"CA","10",52.71,110265,47.29,98934,0,50.6,NA,NA,47,NA,NA,NA,NA,NA,NA,NA,NA,NA,NA,NA,NA,NA,NA,NA,NA,NA,"R"
"CA","11",30.27,87136,69.73,200743,0,67.6,NA,NA,30,NA,NA,NA,NA,NA,NA,NA,NA,NA,NA,NA,NA,NA,NA,NA,NA,NA,"D"
"CA","12",14.92,44478,85.08,253709,0,84.1,NA,NA,12.5,NA,NA,NA,NA,NA,NA,NA,NA,NA,NA,NA,NA,NA,NA,NA,NA,NA,"D"
"CA","13",0,0,86.78,250436,13.22,87.5,NA,NA,9,NA,NA,NA,NA,NA,NA,NA,NA,NA,NA,NA,NA,NA,NA,NA,NA,NA,"D"
"CA","14",21.08,54455,78.92,203828,0,74.2,NA,NA,23.6,NA,NA,NA,NA,NA,NA,NA,NA,NA,NA,NA,NA,NA,NA,NA,NA,NA,"D"
"CA","15",0,0,52.11,120388,47.89,68,NA,NA,29.8,NA,NA,NA,NA,NA,NA,NA,NA,NA,NA,NA,NA,NA,NA,NA,NA,NA,"D"
"CA","16",42.59,62801,57.41,84649,0,58.6,NA,NA,39.4,NA,NA,NA,NA,NA,NA,NA,NA,NA,NA,NA,NA,NA,NA,NA,NA,NA,"D"
"CA","17",26.46,57336,73.54,159392,0,71.9,NA,NA,25.5,NA,NA,NA,NA,NA,NA,NA,NA,NA,NA,NA,NA,NA,NA,NA,NA,NA,"D"
"CA","18",29.51,89103,70.49,212831,0,68.2,NA,NA,28.9,NA,NA,NA,NA,NA,NA,NA,NA,NA,NA,NA,NA,NA,NA,NA,NA,NA,"D"
"CA","19",26.76,59313,73.24,162300,0,71.2,NA,NA,26.5,NA,NA,NA,NA,NA,NA,NA,NA,NA,NA,NA,NA,NA,NA,NA,NA,NA,"D"
"CA","20",25.93,60566,74.07,172996,0,70.9,NA,NA,26.2,NA,NA,NA,NA,NA,NA,NA,NA,NA,NA,NA,NA,NA,NA,NA,NA,NA,"D"
"CA","21",57.76,67164,42.24,49119,0,54.6,NA,NA,43.5,NA,NA,NA,NA,NA,NA,NA,NA,NA,NA,NA,NA,NA,NA,NA,NA,NA,"R"
"CA","22",61.88,132386,38.12,81555,0,41.6,NA,NA,56.6,NA,NA,NA,NA,NA,NA,NA,NA,NA,NA,NA,NA,NA,NA,NA,NA,NA,"R"
"CA","23",73.22,158161,0,0,26.78,36.1,NA,NA,61.5,NA,NA,NA,NA,NA,NA,NA,NA,NA,NA,NA,NA,NA,NA,NA,NA,NA,"R"
"CA","24",44.9,127746,55.1,156749,0,54.1,NA,NA,43.1,NA,NA,NA,NA,NA,NA,NA,NA,NA,NA,NA,NA,NA,NA,NA,NA,NA,"D"
"CA","25",54.78,129593,45.22,106982,0,47.8,NA,NA,49.7,NA,NA,NA,NA,NA,NA,NA,NA,NA,NA,NA,NA,NA,NA,NA,NA,NA,"R"
"CA","26",47.31,124863,52.69,139072,0,54,NA,NA,43.7,NA,NA,NA,NA,NA,NA,NA,NA,NA,NA,NA,NA,NA,NA,NA,NA,NA,"D"
"CA","27",36.02,86817,63.98,154191,0,62.6,NA,NA,35,NA,NA,NA,NA,NA,NA,NA,NA,NA,NA,NA,NA,NA,NA,NA,NA,NA,"D"
"CA","28",23.51,58008,76.49,188703,0,70.3,NA,NA,26.5,NA,NA,NA,NA,NA,NA,NA,NA,NA,NA,NA,NA,NA,NA,NA,NA,NA,"D"
"CA","29",0,0,74.05,111287,25.95,77,NA,NA,20.5,NA,NA,NA,NA,NA,NA,NA,NA,NA,NA,NA,NA,NA,NA,NA,NA,NA,"D"
"CA","30",0,0,60.3,149456,39.7,65.3,NA,NA,32.1,NA,NA,NA,NA,NA,NA,NA,NA,NA,NA,NA,NA,NA,NA,NA,NA,NA,"D"
"CA","31",55.18,88964,0,0,44.82,57.2,NA,NA,40.6,NA,NA,NA,NA,NA,NA,NA,NA,NA,NA,NA,NA,NA,NA,NA,NA,NA,"R"
"CA","32",34.3,65208,65.7,124903,0,65.2,NA,NA,32.5,NA,NA,NA,NA,NA,NA,NA,NA,NA,NA,NA,NA,NA,NA,NA,NA,NA,"D"
"CA","33",0,0,53.96,171860,46.04,60.6,NA,NA,36.8,NA,NA,NA,NA,NA,NA,NA,NA,NA,NA,NA,NA,NA,NA,NA,NA,NA,"D"
"CA","34",14.38,20223,85.62,120367,0,83,NA,NA,14.1,NA,NA,NA,NA,NA,NA,NA,NA,NA,NA,NA,NA,NA,NA,NA,NA,NA,"D"
"CA","35",0,0,55.86,79698,44.14,67.4,NA,NA,30.6,NA,NA,NA,NA,NA,NA,NA,NA,NA,NA,NA,NA,NA,NA,NA,NA,NA,"D"
"CA","36",47.06,97953,52.94,110189,0,50.7,NA,NA,47.5,NA,NA,NA,NA,NA,NA,NA,NA,NA,NA,NA,NA,NA,NA,NA,NA,NA,"D"
"CA","37",0,0,86.42,207039,13.58,84.9,NA,NA,12.7,NA,NA,NA,NA,NA,NA,NA,NA,NA,NA,NA,NA,NA,NA,NA,NA,NA,"D"
"CA","38",32.46,69807,67.54,145280,0,64.9,NA,NA,33,NA,NA,NA,NA,NA,NA,NA,NA,NA,NA,NA,NA,NA,NA,NA,NA,NA,"D"
"CA","39",57.79,145607,42.21,106360,0,47.1,NA,NA,50.8,NA,NA,NA,NA,NA,NA,NA,NA,NA,NA,NA,NA,NA,NA,NA,NA,NA,"R"
"CA","40",0,0,58.89,73940,41.11,81.5,NA,NA,16.5,NA,NA,NA,NA,NA,NA,NA,NA,NA,NA,NA,NA,NA,NA,NA,NA,NA,"D"
"CA","41",41.03,72074,58.97,103578,0,61.5,NA,NA,36.3,NA,NA,NA,NA,NA,NA,NA,NA,NA,NA,NA,NA,NA,NA,NA,NA,NA,"D"
"CA","42",60.59,130245,39.41,84702,0,41.4,NA,NA,56.5,NA,NA,NA,NA,NA,NA,NA,NA,NA,NA,NA,NA,NA,NA,NA,NA,NA,"R"
"CA","43",0,0,71.24,143123,28.76,78,NA,NA,20,NA,NA,NA,NA,NA,NA,NA,NA,NA,NA,NA,NA,NA,NA,NA,NA,NA,"D"
"CA","44",0,0,60.22,99909,39.78,84.7,NA,NA,13.6,NA,NA,NA,NA,NA,NA,NA,NA,NA,NA,NA,NA,NA,NA,NA,NA,NA,"D"
"CA","45",58.46,171417,41.54,121814,0,43,NA,NA,54.8,NA,NA,NA,NA,NA,NA,NA,NA,NA,NA,NA,NA,NA,NA,NA,NA,NA,"R"
"CA","46",36.13,54121,63.87,95694,0,61.4,NA,NA,36.2,NA,NA,NA,NA,NA,NA,NA,NA,NA,NA,NA,NA,NA,NA,NA,NA,NA,"D"
"CA","47",43.44,99919,56.56,130093,0,60,NA,NA,37.5,NA,NA,NA,NA,NA,NA,NA,NA,NA,NA,NA,NA,NA,NA,NA,NA,NA,"D"
"CA","48",60.98,177144,39.02,113358,0,43,NA,NA,54.7,NA,NA,NA,NA,NA,NA,NA,NA,NA,NA,NA,NA,NA,NA,NA,NA,NA,"R"
"CA","49",58.16,159725,41.84,114893,0,45.7,NA,NA,52.4,NA,NA,NA,NA,NA,NA,NA,NA,NA,NA,NA,NA,NA,NA,NA,NA,NA,"R"
"CA","50",67.69,174838,32.31,83455,0,37.6,NA,NA,60.4,NA,NA,NA,NA,NA,NA,NA,NA,NA,NA,NA,NA,NA,NA,NA,NA,NA,"R"
"CA","51",28.52,45464,71.48,113934,0,69.4,NA,NA,28.9,NA,NA,NA,NA,NA,NA,NA,NA,NA,NA,NA,NA,NA,NA,NA,NA,NA,"D"
"CA","52",48.82,144459,51.18,151451,0,52.1,NA,NA,45.7,NA,NA,NA,NA,NA,NA,NA,NA,NA,NA,NA,NA,NA,NA,NA,NA,NA,"D"
"CA","53",38.57,103482,61.43,164825,0,61.4,NA,NA,36.4,NA,NA,NA,NA,NA,NA,NA,NA,NA,NA,NA,NA,NA,NA,NA,NA,NA,"D"
"CA","S",37.48,4713887,62.52,7864624,0,60.24,7854285,55,37.12,4839958,0,37341989,12.05,55,678945,2,18670995,53,704566,"WTA",2,0,0,38,15,0,NA
"CO","01",26.77,93217,68.23,237579,5,69,NA,NA,28.8,NA,NA,NA,NA,NA,NA,NA,NA,NA,NA,NA,NA,NA,NA,NA,NA,NA,"D"
"CO","02",38.58,162639,55.69,234758,5.73,57.9,NA,NA,39.5,NA,NA,NA,NA,NA,NA,NA,NA,NA,NA,NA,NA,NA,NA,NA,NA,NA,"D"
"CO","03",53.31,185291,41.12,142920,5.57,45.8,NA,NA,51.8,NA,NA,NA,NA,NA,NA,NA,NA,NA,NA,NA,NA,NA,NA,NA,NA,NA,"R"
"CO","04",58.42,200006,36.75,125800,4.83,39.2,NA,NA,58.5,NA,NA,NA,NA,NA,NA,NA,NA,NA,NA,NA,NA,NA,NA,NA,NA,NA,"R"
"CO","05",64.98,199639,0,0,35.02,38.3,NA,NA,59.1,NA,NA,NA,NA,NA,NA,NA,NA,NA,NA,NA,NA,NA,NA,NA,NA,NA,"R"
"CO","06",47.81,163938,45.77,156937,6.42,51.6,NA,NA,46.5,NA,NA,NA,NA,NA,NA,NA,NA,NA,NA,NA,NA,NA,NA,NA,NA,NA,"R"
"CO","07",40.79,139066,53.51,182460,5.7,56.1,NA,NA,41.3,NA,NA,NA,NA,NA,NA,NA,NA,NA,NA,NA,NA,NA,NA,NA,NA,NA,"D"
"CO","S",48.5,965974,46,916245,5.5,51.49,1323101,9,46.13,1185243,0,5044930,1.63,9,560548,2,2522465,7,720704,"WTA",2,0,0,3,4,0,NA
"CT","01",27.8,81246,69.6,203159,2.6,63.3,NA,NA,35.6,NA,NA,NA,NA,NA,NA,NA,NA,NA,NA,NA,NA,NA,NA,NA,NA,NA,"D"
"CT","02",29.3,87715,68.3,204490,2.4,55.9,NA,NA,42.6,NA,NA,NA,NA,NA,NA,NA,NA,NA,NA,NA,NA,NA,NA,NA,NA,NA,"D"
"CT","03",25.4,73633,74.6,215702,0,62.6,NA,NA,36.3,NA,NA,NA,NA,NA,NA,NA,NA,NA,NA,NA,NA,NA,NA,NA,NA,NA,"D"
"CT","04",40.2,115052,59.8,171403,0,55.1,NA,NA,44,NA,NA,NA,NA,NA,NA,NA,NA,NA,NA,NA,NA,NA,NA,NA,NA,NA,"D"
"CT","05",48.5,134489,51.5,142912,0,53.5,NA,NA,45.3,NA,NA,NA,NA,NA,NA,NA,NA,NA,NA,NA,NA,NA,NA,NA,NA,NA,"D"
"CT","S",43.3,637857,55.1,815077,1.6,58.06,905083,7,40.73,634892,0,3581628,1.16,7,511661,2,1790814,5,716326,"WTA",2,0,0,5,0,0,NA
"DC","00",0,0,88.55,246664,11.45,NA,NA,NA,NA,NA,NA,NA,NA,NA,NA,NA,NA,NA,NA,NA,NA,NA,NA,NA,NA,NA,"D"
"DC","S",NA,NA,NA,NA,NA,90.9,267070,3,7.3,21381,0,601723,0.19,3,200574,0,NA,0,NA,"WTA",0,0,0,0,0,0,NA
"DE","00",33.44,129757,64.41,249933,2.15,58.6,NA,NA,40,NA,NA,NA,NA,NA,NA,NA,NA,NA,NA,NA,NA,NA,NA,NA,NA,NA,"D"
"DE","S",42.2,98819,55.8,130645,2,58.61,242584,3,39.98,165484,0,900877,0.29,3,300292,2,450439,1,900877,"WTA",2,0,0,1,0,0,NA
"FL","01",69.6,238440,27.13,92961,3.27,30.2,NA,NA,68.7,NA,NA,NA,NA,NA,NA,NA,NA,NA,NA,NA,NA,NA,NA,NA,NA,NA,"R"
"FL","02",52.7,175856,47.24,157634,0.06,46.5,NA,NA,52.3,NA,NA,NA,NA,NA,NA,NA,NA,NA,NA,NA,NA,NA,NA,NA,NA,NA,"R"
"FL","03",64.73,204331,32.46,102468,2.81,37.4,NA,NA,61.5,NA,NA,NA,NA,NA,NA,NA,NA,NA,NA,NA,NA,NA,NA,NA,NA,NA,"R"
"FL","04",76.07,239988,0,0,23.93,35.4,NA,NA,63.7,NA,NA,NA,NA,NA,NA,NA,NA,NA,NA,NA,NA,NA,NA,NA,NA,NA,"R"
"FL","05",26.3,70700,70.8,190472,2.9,71.2,NA,NA,28.1,NA,NA,NA,NA,NA,NA,NA,NA,NA,NA,NA,NA,NA,NA,NA,NA,NA,"D"
"FL","06",57.22,195962,42.78,146489,0,41.4,NA,NA,57.7,NA,NA,NA,NA,NA,NA,NA,NA,NA,NA,NA,NA,NA,NA,NA,NA,NA,"R"
"FL","07",58.71,185518,41.29,130479,0,47.1,NA,NA,51.8,NA,NA,NA,NA,NA,NA,NA,NA,NA,NA,NA,NA,NA,NA,NA,NA,NA,"R"
"FL","08",58.88,205432,37.51,130870,3.61,42.2,NA,NA,56.8,NA,NA,NA,NA,NA,NA,NA,NA,NA,NA,NA,NA,NA,NA,NA,NA,NA,"R"
"FL","09",37.48,98856,62.52,164891,0,61.9,NA,NA,37.2,NA,NA,NA,NA,NA,NA,NA,NA,NA,NA,NA,NA,NA,NA,NA,NA,NA,"D"
"FL","10",51.73,164649,48.25,153574,0.02,45.7,NA,NA,53.4,NA,NA,NA,NA,NA,NA,NA,NA,NA,NA,NA,NA,NA,NA,NA,NA,NA,"R"
"FL","11",64.48,218360,35.52,120303,0,40.2,NA,NA,58.8,NA,NA,NA,NA,NA,NA,NA,NA,NA,NA,NA,NA,NA,NA,NA,NA,NA,"R"
"FL","12",63.48,209604,32.94,108770,3.58,44.8,NA,NA,54,NA,NA,NA,NA,NA,NA,NA,NA,NA,NA,NA,NA,NA,NA,NA,NA,NA,"R"
"FL","13",57.57,189605,42.43,139742,0,50.1,NA,NA,48.6,NA,NA,NA,NA,NA,NA,NA,NA,NA,NA,NA,NA,NA,NA,NA,NA,NA,"R"
"FL","14",29.75,83480,70.25,197121,0,65.1,NA,NA,34,NA,NA,NA,NA,NA,NA,NA,NA,NA,NA,NA,NA,NA,NA,NA,NA,NA,"D"
"FL","15",100,NA,0,0,0,45.6,NA,NA,53.3,NA,NA,NA,NA,NA,NA,NA,NA,NA,NA,NA,NA,NA,NA,NA,NA,NA,"R"
"FL","16",53.61,187147,46.39,161929,0,44.9,NA,NA,54.2,NA,NA,NA,NA,NA,NA,NA,NA,NA,NA,NA,NA,NA,NA,NA,NA,NA,"R"
"FL","17",58.63,165488,41.37,116766,0,41.2,NA,NA,57.9,NA,NA,NA,NA,NA,NA,NA,NA,NA,NA,NA,NA,NA,NA,NA,NA,NA,"R"
"FL","18",49.7,164353,50.28,166257,0.02,47.6,NA,NA,51.7,NA,NA,NA,NA,NA,NA,NA,NA,NA,NA,NA,NA,NA,NA,NA,NA,NA,"D"
"FL","19",61.99,189833,35.84,109746,2.17,38.8,NA,NA,60.6,NA,NA,NA,NA,NA,NA,NA,NA,NA,NA,NA,NA,NA,NA,NA,NA,NA,"R"
"FL","20",0,0,87.9,214727,12.1,82.6,NA,NA,17,NA,NA,NA,NA,NA,NA,NA,NA,NA,NA,NA,NA,NA,NA,NA,NA,NA,"D"
"FL","21",0,0,77.8,221263,22.2,60.6,NA,NA,38.9,NA,NA,NA,NA,NA,NA,NA,NA,NA,NA,NA,NA,NA,NA,NA,NA,NA,"D"
"FL","22",45.37,142050,54.63,171021,0,54.4,NA,NA,44.9,NA,NA,NA,NA,NA,NA,NA,NA,NA,NA,NA,NA,NA,NA,NA,NA,NA,"D"
"FL","23",35.62,98096,63.25,174205,1.13,61.5,NA,NA,37.9,NA,NA,NA,NA,NA,NA,NA,NA,NA,NA,NA,NA,NA,NA,NA,NA,NA,"D"
"FL","24",0,0,100,NA,0,87.5,NA,NA,12.1,NA,NA,NA,NA,NA,NA,NA,NA,NA,NA,NA,NA,NA,NA,NA,NA,NA,"D"
"FL","25",75.65,151466,0,0,24.35,48.7,NA,NA,50.8,NA,NA,NA,NA,NA,NA,NA,NA,NA,NA,NA,NA,NA,NA,NA,NA,NA,"R"
"FL","26",43.02,108820,53.64,135694,3.34,53.1,NA,NA,46.4,NA,NA,NA,NA,NA,NA,NA,NA,NA,NA,NA,NA,NA,NA,NA,NA,NA,"D"
"FL","27",60.17,138488,36.94,85020,2.89,53.1,NA,NA,46.4,NA,NA,NA,NA,NA,NA,NA,NA,NA,NA,NA,NA,NA,NA,NA,NA,NA,"R"
"FL","S",42.23,3458267,55.23,4523451,2.54,50.01,4237756,29,49.13,4163447,0,18900773,6.1,29,651751,2,9450387,27,700029,"WTA",1,1,0,10,17,0,NA
"GA","01",62.98,157181,37.02,92399,0,43,NA,NA,55.9,NA,NA,NA,NA,NA,NA,NA,NA,NA,NA,NA,NA,NA,NA,NA,NA,NA,"R"
"GA","02",36.22,92410,63.78,162751,0,58.6,NA,NA,40.8,NA,NA,NA,NA,NA,NA,NA,NA,NA,NA,NA,NA,NA,NA,NA,NA,NA,"D"
"GA","03",99.95,232380,0,0,0.05,33,NA,NA,65.9,NA,NA,NA,NA,NA,NA,NA,NA,NA,NA,NA,NA,NA,NA,NA,NA,NA,"R"
"GA","04",26.43,75041,73.55,208861,0.02,73.6,NA,NA,25.6,NA,NA,NA,NA,NA,NA,NA,NA,NA,NA,NA,NA,NA,NA,NA,NA,NA,"D"
"GA","05",15.61,43335,84.39,234330,0,83.1,NA,NA,15.8,NA,NA,NA,NA,NA,NA,NA,NA,NA,NA,NA,NA,NA,NA,NA,NA,NA,"D"
"GA","06",64.51,189669,35.49,104365,0,37.5,NA,NA,60.8,NA,NA,NA,NA,NA,NA,NA,NA,NA,NA,NA,NA,NA,NA,NA,NA,NA,"R"
"GA","07",62.16,156689,37.84,95377,0,38.3,NA,NA,60.2,NA,NA,NA,NA,NA,NA,NA,NA,NA,NA,NA,NA,NA,NA,NA,NA,NA,"R"
"GA","08",100,197789,0,0,0,37.5,NA,NA,61.6,NA,NA,NA,NA,NA,NA,NA,NA,NA,NA,NA,NA,NA,NA,NA,NA,NA,"R"
"GA","09",76.18,192101,23.82,60052,0,20.5,NA,NA,78.1,NA,NA,NA,NA,NA,NA,NA,NA,NA,NA,NA,NA,NA,NA,NA,NA,NA,"R"
"GA","10",99.81,211065,0,0,0.19,36.3,NA,NA,62.5,NA,NA,NA,NA,NA,NA,NA,NA,NA,NA,NA,NA,NA,NA,NA,NA,NA,"R"
"GA","11",68.55,196968,31.44,90353,0.01,31.5,NA,NA,66.9,NA,NA,NA,NA,NA,NA,NA,NA,NA,NA,NA,NA,NA,NA,NA,NA,NA,"R"
"GA","12",46.3,119973,53.7,139148,0,43.6,NA,NA,55.4,NA,NA,NA,NA,NA,NA,NA,NA,NA,NA,NA,NA,NA,NA,NA,NA,NA,"D"
"GA","13",28.26,79550,71.74,201988,0,69.2,NA,NA,30,NA,NA,NA,NA,NA,NA,NA,NA,NA,NA,NA,NA,NA,NA,NA,NA,NA,"D"
"GA","14",72.97,159947,27.03,59245,0,25.3,NA,NA,73.2,NA,NA,NA,NA,NA,NA,NA,NA,NA,NA,NA,NA,NA,NA,NA,NA,NA,"R"
"GA","S",53,1355392,45.1,1154388,1.9,45.48,1773827,0,53.3,2078688,16,9727566,3.14,16,607973,2,4863783,14,694826,"WTA",0,2,0,5,9,0,NA
"HI","01",45.39,96824,54.61,116505,0,69.7,NA,NA,29,NA,NA,NA,NA,NA,NA,NA,NA,NA,NA,NA,NA,NA,NA,NA,NA,NA,"D"
"HI","02",19.46,40707,80.54,168503,0,71.4,NA,NA,26.7,NA,NA,NA,NA,NA,NA,NA,NA,NA,NA,NA,NA,NA,NA,NA,NA,NA,"D"
"HI","S",27.7,97972,69.8,246720,2.5,70.55,306658,4,27.84,121015,0,1366862,0.44,4,341716,2,683431,2,683431,"WTA",2,0,0,2,0,0,NA
"IA","01",41.57,162465,56.91,222422,1.52,56.2,NA,NA,42.5,NA,NA,NA,NA,NA,NA,NA,NA,NA,NA,NA,NA,NA,NA,NA,NA,NA,"D"
"IA","02",42.48,161977,55.57,211863,1.95,55.8,NA,NA,42.7,NA,NA,NA,NA,NA,NA,NA,NA,NA,NA,NA,NA,NA,NA,NA,NA,NA,"D"
"IA","03",52.22,202000,43.59,168632,4.19,51.4,NA,NA,47.2,NA,NA,NA,NA,NA,NA,NA,NA,NA,NA,NA,NA,NA,NA,NA,NA,NA,"R"
"IA","04",52.94,200063,44.85,169470,2.21,45.3,NA,NA,53.4,NA,NA,NA,NA,NA,NA,NA,NA,NA,NA,NA,NA,NA,NA,NA,NA,NA,"R"
"IA","S",52.2,586921,43.7,491708,4.1,51.99,822544,6,46.18,730617,0,3053787,0.99,6,508965,2,1526894,4,763447,"WTA",1,1,0,2,2,0,NA
"ID","01",62.96,199402,30.77,97450,6.27,32.2,NA,NA,64.9,NA,NA,NA,NA,NA,NA,NA,NA,NA,NA,NA,NA,NA,NA,NA,NA,NA,"R"
"ID","02",65.12,207412,34.8,110847,0.08,33.1,NA,NA,64.1,NA,NA,NA,NA,NA,NA,NA,NA,NA,NA,NA,NA,NA,NA,NA,NA,NA,"R"
"ID","S",65.3,285322,34.7,151697,0,32.62,212787,0,64.53,420911,4,1573499,0.51,4,393375,2,786750,2,786750,"WTA",0,2,0,0,2,0,NA
"IL","01",26.18,83989,73.82,236854,0,79,NA,NA,20.2,NA,NA,NA,NA,NA,NA,NA,NA,NA,NA,NA,NA,NA,NA,NA,NA,NA,"D"
"IL","02",23.22,69115,63.25,188303,13.53,80.7,NA,NA,18.5,NA,NA,NA,NA,NA,NA,NA,NA,NA,NA,NA,NA,NA,NA,NA,NA,NA,"D"
"IL","03",31.52,77653,68.48,168738,0,55.9,NA,NA,42.6,NA,NA,NA,NA,NA,NA,NA,NA,NA,NA,NA,NA,NA,NA,NA,NA,NA,"D"
"IL","04",0,0,83,133226,17,80.9,NA,NA,17.1,NA,NA,NA,NA,NA,NA,NA,NA,NA,NA,NA,NA,NA,NA,NA,NA,NA,"D"
"IL","05",28.59,77289,65.73,177729,5.68,66,NA,NA,31.8,NA,NA,NA,NA,NA,NA,NA,NA,NA,NA,NA,NA,NA,NA,NA,NA,NA,"D"
"IL","06",59.22,193138,40.78,132991,0,45.1,NA,NA,53.3,NA,NA,NA,NA,NA,NA,NA,NA,NA,NA,NA,NA,NA,NA,NA,NA,NA,"R"
"IL","07",10.99,31466,84.64,242439,4.37,87.2,NA,NA,11.8,NA,NA,NA,NA,NA,NA,NA,NA,NA,NA,NA,NA,NA,NA,NA,NA,NA,"D"
"IL","08",45.26,101860,54.74,123206,0,57.4,NA,NA,40.9,NA,NA,NA,NA,NA,NA,NA,NA,NA,NA,NA,NA,NA,NA,NA,NA,NA,"D"
"IL","09",33.67,98924,66.33,194869,0,65,NA,NA,33.3,NA,NA,NA,NA,NA,NA,NA,NA,NA,NA,NA,NA,NA,NA,NA,NA,NA,"D"
"IL","10",49.37,130564,50.63,133890,0,57.5,NA,NA,41.1,NA,NA,NA,NA,NA,NA,NA,NA,NA,NA,NA,NA,NA,NA,NA,NA,NA,"D"
"IL","11",41.43,105348,58.57,148928,0,57.8,NA,NA,40.6,NA,NA,NA,NA,NA,NA,NA,NA,NA,NA,NA,NA,NA,NA,NA,NA,NA,"D"
"IL","12",42.74,129902,51.65,157000,5.61,49.7,NA,NA,48.2,NA,NA,NA,NA,NA,NA,NA,NA,NA,NA,NA,NA,NA,NA,NA,NA,NA,"D"
"IL","13",46.55,137034,46.21,136032,7.24,48.6,NA,NA,48.9,NA,NA,NA,NA,NA,NA,NA,NA,NA,NA,NA,NA,NA,NA,NA,NA,NA,"R"
"IL","14",58.82,177603,41.18,124351,0,44.2,NA,NA,54.2,NA,NA,NA,NA,NA,NA,NA,NA,NA,NA,NA,NA,NA,NA,NA,NA,NA,"R"
"IL","15",68.61,205775,31.39,94162,0,34.1,NA,NA,63.9,NA,NA,NA,NA,NA,NA,NA,NA,NA,NA,NA,NA,NA,NA,NA,NA,NA,"R"
"IL","16",61.81,181789,38.19,112301,0,45.2,NA,NA,52.9,NA,NA,NA,NA,NA,NA,NA,NA,NA,NA,NA,NA,NA,NA,NA,NA,NA,"R"
"IL","17",46.72,134623,53.28,153519,0,57.6,NA,NA,40.6,NA,NA,NA,NA,NA,NA,NA,NA,NA,NA,NA,NA,NA,NA,NA,NA,NA,"D"
"IL","18",74.16,244467,25.84,85164,0,37.4,NA,NA,60.7,NA,NA,NA,NA,NA,NA,NA,NA,NA,NA,NA,NA,NA,NA,NA,NA,NA,"R"
"IL","S",43.1,1503942,53.1,1850862,3.8,57.6,3019512,20,40.73,2135216,0,12864380,4.15,20,643219,2,6432190,18,714688,"WTA",1,1,0,12,6,0,NA
"IN","01",32.72,91291,67.28,187743,0,61.2,NA,NA,37.4,NA,NA,NA,NA,NA,NA,NA,NA,NA,NA,NA,NA,NA,NA,NA,NA,NA,"D"
"IN","02",49.01,134033,47.58,130113,3.41,42.1,NA,NA,56.1,NA,NA,NA,NA,NA,NA,NA,NA,NA,NA,NA,NA,NA,NA,NA,NA,NA,"R"
"IN","03",67.04,187872,32.96,92363,0,35.7,NA,NA,62.5,NA,NA,NA,NA,NA,NA,NA,NA,NA,NA,NA,NA,NA,NA,NA,NA,NA,"R"
"IN","04",61.96,168688,34.16,93015,3.88,36.9,NA,NA,60.9,NA,NA,NA,NA,NA,NA,NA,NA,NA,NA,NA,NA,NA,NA,NA,NA,NA,"R"
"IN","05",58.37,194570,37.6,125347,4.03,40.7,NA,NA,57.5,NA,NA,NA,NA,NA,NA,NA,NA,NA,NA,NA,NA,NA,NA,NA,NA,NA,"R"
"IN","06",59.08,162613,35.12,96678,5.8,37.3,NA,NA,60.4,NA,NA,NA,NA,NA,NA,NA,NA,NA,NA,NA,NA,NA,NA,NA,NA,NA,"R"
"IN","07",37.15,95828,62.85,162122,0,62.9,NA,NA,35.4,NA,NA,NA,NA,NA,NA,NA,NA,NA,NA,NA,NA,NA,NA,NA,NA,NA,"D"
"IN","08",53.36,151533,43.07,122325,3.57,39.6,NA,NA,58.4,NA,NA,NA,NA,NA,NA,NA,NA,NA,NA,NA,NA,NA,NA,NA,NA,NA,"R"
"IN","09",55.45,165332,44.55,132848,0,40.7,NA,NA,57.2,NA,NA,NA,NA,NA,NA,NA,NA,NA,NA,NA,NA,NA,NA,NA,NA,NA,"R"
"IN","S",44.28,1133621,50.04,1281181,5.68,43.93,1152887,0,54.13,1420543,11,6501582,2.1,11,591053,2,3250791,9,722398,"WTA",1,1,0,2,7,0,NA
"KS","01",100,211337,0,0,0,27.6,NA,NA,70.1,NA,NA,NA,NA,NA,NA,NA,NA,NA,NA,NA,NA,NA,NA,NA,NA,NA,"R"
"KS","02",57.01,167463,38.72,113735,4.27,42,NA,NA,55.6,NA,NA,NA,NA,NA,NA,NA,NA,NA,NA,NA,NA,NA,NA,NA,NA,NA,"R"
"KS","03",68.45,201087,0,0,31.55,44.3,NA,NA,53.8,NA,NA,NA,NA,NA,NA,NA,NA,NA,NA,NA,NA,NA,NA,NA,NA,NA,"R"
"KS","04",62.22,161094,31.58,81770,6.2,36.1,NA,NA,61.6,NA,NA,NA,NA,NA,NA,NA,NA,NA,NA,NA,NA,NA,NA,NA,NA,NA,"R"
"KS","S",53.3,449974,0,0,46.7,37.99,440726,0,59.71,692634,6,2863813,0.92,6,477302,2,1431907,4,715953,"WTA",0,2,0,0,4,0,NA
"KY","01",69.63,199956,30.37,87199,0,32.1,NA,NA,66.4,NA,NA,NA,NA,NA,NA,NA,NA,NA,NA,NA,NA,NA,NA,NA,NA,NA,"R"
"KY","02",64.3,181508,31.72,89541,3.98,35.1,NA,NA,63.3,NA,NA,NA,NA,NA,NA,NA,NA,NA,NA,NA,NA,NA,NA,NA,NA,NA,"R"
"KY","03",34.54,111452,63.96,206385,1.5,55.7,NA,NA,42.8,NA,NA,NA,NA,NA,NA,NA,NA,NA,NA,NA,NA,NA,NA,NA,NA,NA,"D"
"KY","04",62.13,186036,34.98,104734,2.89,34.8,NA,NA,63.4,NA,NA,NA,NA,NA,NA,NA,NA,NA,NA,NA,NA,NA,NA,NA,NA,NA,"R"
"KY","05",77.9,195408,22.1,55447,0,23.2,NA,NA,75,NA,NA,NA,NA,NA,NA,NA,NA,NA,NA,NA,NA,NA,NA,NA,NA,NA,"R"
"KY","06",50.57,153222,46.68,141438,2.75,42.2,NA,NA,55.8,NA,NA,NA,NA,NA,NA,NA,NA,NA,NA,NA,NA,NA,NA,NA,NA,NA,"R"
"KY","S",56.2,806795,40.7,584699,3.1,37.8,679370,0,60.49,1087190,8,4350606,1.4,8,543826,2,2175303,6,725101,"WTA",0,2,0,1,5,0,NA
"LA","01",66.63,193496,21.25,61703,12.12,26.9,NA,NA,70.9,NA,NA,NA,NA,NA,NA,NA,NA,NA,NA,NA,NA,NA,NA,NA,NA,NA,"R"
"LA","02",13.5,38801,55.16,158501,31.34,75.8,NA,NA,22.8,NA,NA,NA,NA,NA,NA,NA,NA,NA,NA,NA,NA,NA,NA,NA,NA,NA,"D"
"LA","03",44.68,139123,21.54,67070,33.78,32.3,NA,NA,66.1,NA,NA,NA,NA,NA,NA,NA,NA,NA,NA,NA,NA,NA,NA,NA,NA,NA,"R"
"LA","04",75.3,187894,0,0,24.7,39.7,NA,NA,59,NA,NA,NA,NA,NA,NA,NA,NA,NA,NA,NA,NA,NA,NA,NA,NA,NA,"R"
"LA","05",77.83,202536,0,0,22.17,37.7,NA,NA,61,NA,NA,NA,NA,NA,NA,NA,NA,NA,NA,NA,NA,NA,NA,NA,NA,NA,"R"
"LA","06",79.41,243553,0,0,20.59,32,NA,NA,66.1,NA,NA,NA,NA,NA,NA,NA,NA,NA,NA,NA,NA,NA,NA,NA,NA,NA,"R"
"LA","S",55.9,712330,44.1,561099,0,40.58,809141,0,57.78,1152262,8,4553962,1.47,8,569245,2,2276981,6,758994,"WTA",1,1,0,1,5,0,NA
"MA","01",0,0,98.42,261936,1.58,64,NA,NA,34.3,NA,NA,NA,NA,NA,NA,NA,NA,NA,NA,NA,NA,NA,NA,NA,NA,NA,"D"
"MA","02",0,0,98.45,259257,1.55,58.7,NA,NA,39.2,NA,NA,NA,NA,NA,NA,NA,NA,NA,NA,NA,NA,NA,NA,NA,NA,NA,"D"
"MA","03",33.99,109372,65.93,212119,0.08,56.9,NA,NA,41.4,NA,NA,NA,NA,NA,NA,NA,NA,NA,NA,NA,NA,NA,NA,NA,NA,NA,"D"
"MA","04",35.87,129936,61.09,221303,3.04,57.1,NA,NA,41.3,NA,NA,NA,NA,NA,NA,NA,NA,NA,NA,NA,NA,NA,NA,NA,NA,NA,"D"
"MA","05",24.32,82944,75.49,257490,0.19,65.2,NA,NA,33.1,NA,NA,NA,NA,NA,NA,NA,NA,NA,NA,NA,NA,NA,NA,NA,NA,NA,"D"
"MA","06",47.12,176612,48.28,180942,4.6,54.7,NA,NA,43.9,NA,NA,NA,NA,NA,NA,NA,NA,NA,NA,NA,NA,NA,NA,NA,NA,NA,"D"
"MA","07",0,0,83.37,210794,16.63,82.5,NA,NA,15.6,NA,NA,NA,NA,NA,NA,NA,NA,NA,NA,NA,NA,NA,NA,NA,NA,NA,"D"
"MA","08",23.71,82242,76.12,263999,0.17,57.8,NA,NA,40.8,NA,NA,NA,NA,NA,NA,NA,NA,NA,NA,NA,NA,NA,NA,NA,NA,NA,"D"
"MA","09",32.15,116531,58.71,212754,9.14,55.5,NA,NA,43.1,NA,NA,NA,NA,NA,NA,NA,NA,NA,NA,NA,NA,NA,NA,NA,NA,NA,"D"
"MA","S",38,789378,62,1285736,0,60.65,1921290,11,37.51,1188314,0,6559644,2.12,11,596331,2,3279822,9,728849,"WTA",2,0,0,9,0,0,NA
"MD","01",63.42,214204,27.48,92812,9.1,37.8,NA,NA,60.3,NA,NA,NA,NA,NA,NA,NA,NA,NA,NA,NA,NA,NA,NA,NA,NA,NA,"R"
"MD","02",31.11,92071,65.58,194088,3.31,62.9,NA,NA,35.1,NA,NA,NA,NA,NA,NA,NA,NA,NA,NA,NA,NA,NA,NA,NA,NA,NA,"D"
"MD","03",29.56,94549,66.83,213747,3.61,60.6,NA,NA,37.2,NA,NA,NA,NA,NA,NA,NA,NA,NA,NA,NA,NA,NA,NA,NA,NA,NA,"D"
"MD","04",20.72,64560,77.17,240385,2.11,78.3,NA,NA,20.7,NA,NA,NA,NA,NA,NA,NA,NA,NA,NA,NA,NA,NA,NA,NA,NA,NA,"D"
"MD","05",27.71,95271,69.4,238618,2.89,66.2,NA,NA,32.3,NA,NA,NA,NA,NA,NA,NA,NA,NA,NA,NA,NA,NA,NA,NA,NA,NA,"D"
"MD","06",37.9,117313,58.77,181921,3.33,55.4,NA,NA,42.6,NA,NA,NA,NA,NA,NA,NA,NA,NA,NA,NA,NA,NA,NA,NA,NA,NA,"D"
"MD","07",20.82,67405,76.52,247770,2.66,76,NA,NA,22.5,NA,NA,NA,NA,NA,NA,NA,NA,NA,NA,NA,NA,NA,NA,NA,NA,NA,"D"
"MD","08",32.93,113033,63.37,217531,3.7,62,NA,NA,36.1,NA,NA,NA,NA,NA,NA,NA,NA,NA,NA,NA,NA,NA,NA,NA,NA,NA,"D"
"MD","S",26.33,693291,55.98,1474028,17.69,61.97,1677844,10,35.9,971869,0,5789929,1.87,10,578993,2,2894965,8,723741,"WTA",2,0,0,7,1,0,NA
"ME","01",35.21,128440,64.79,236363,0,59.6,NA,1,38.2,NA,0,NA,NA,NA,NA,NA,NA,NA,NA,NA,NA,NA,NA,NA,NA,NA,"D"
"ME","02",41.81,137542,58.19,191456,0,52.9,NA,1,44.4,NA,0,NA,NA,NA,NA,NA,NA,NA,NA,NA,NA,NA,NA,NA,NA,NA,"D"
"ME","S",31.6,189653,68.4,411211,0,56.27,401306,2,40.98,292276,0,1333074,0.43,4,333269,2,666537,2,666537,"CD",0,1,1,2,0,0,NA
"MI","01",48.14,167060,47.6,165179,4.26,45.3,NA,NA,53.6,NA,NA,NA,NA,NA,NA,NA,NA,NA,NA,NA,NA,NA,NA,NA,NA,NA,"R"
"MI","02",61.16,194653,34.24,108973,4.6,43.1,NA,NA,56,NA,NA,NA,NA,NA,NA,NA,NA,NA,NA,NA,NA,NA,NA,NA,NA,NA,"R"
"MI","03",52.62,171675,44.17,144108,3.21,45.8,NA,NA,53.1,NA,NA,NA,NA,NA,NA,NA,NA,NA,NA,NA,NA,NA,NA,NA,NA,NA,"R"
"MI","04",63.07,197386,33.55,104996,3.38,45.5,NA,NA,53.5,NA,NA,NA,NA,NA,NA,NA,NA,NA,NA,NA,NA,NA,NA,NA,NA,NA,"R"
"MI","05",31.48,103931,64.98,214531,3.54,60.7,NA,NA,38.3,NA,NA,NA,NA,NA,NA,NA,NA,NA,NA,NA,NA,NA,NA,NA,NA,NA,"D"
"MI","06",54.59,174955,42.61,136563,2.8,48.8,NA,NA,50.2,NA,NA,NA,NA,NA,NA,NA,NA,NA,NA,NA,NA,NA,NA,NA,NA,NA,"R"
"MI","07",53.34,169668,43.02,136849,3.64,47.9,NA,NA,51,NA,NA,NA,NA,NA,NA,NA,NA,NA,NA,NA,NA,NA,NA,NA,NA,NA,"R"
"MI","08",58.6,202217,37.29,128657,4.11,48,NA,NA,51.1,NA,NA,NA,NA,NA,NA,NA,NA,NA,NA,NA,NA,NA,NA,NA,NA,NA,"R"
"MI","09",34.02,114760,61.91,208846,4.07,57.2,NA,NA,41.9,NA,NA,NA,NA,NA,NA,NA,NA,NA,NA,NA,NA,NA,NA,NA,NA,NA,"D"
"MI","10",68.8,226075,29.74,97734,1.46,43.7,NA,NA,55.3,NA,NA,NA,NA,NA,NA,NA,NA,NA,NA,NA,NA,NA,NA,NA,NA,NA,"R"
"MI","11",50.8,181788,44.4,158879,4.8,46.9,NA,NA,52.3,NA,NA,NA,NA,NA,NA,NA,NA,NA,NA,NA,NA,NA,NA,NA,NA,NA,"R"
"MI","12",28.97,92472,67.94,216884,3.09,66.2,NA,NA,32.8,NA,NA,NA,NA,NA,NA,NA,NA,NA,NA,NA,NA,NA,NA,NA,NA,NA,"D"
"MI","13",13.64,38769,82.79,235336,3.57,85.2,NA,NA,14.3,NA,NA,NA,NA,NA,NA,NA,NA,NA,NA,NA,NA,NA,NA,NA,NA,NA,"D"
"MI","14",15.63,51395,82.26,270450,2.11,81,NA,NA,18.6,NA,NA,NA,NA,NA,NA,NA,NA,NA,NA,NA,NA,NA,NA,NA,NA,NA,"D"
"MI","S",41.4,1283850,54.6,1693781,4,54.21,2564569,16,44.71,2115256,0,9911626,3.2,16,619477,2,4955813,14,707973,"WTA",2,0,0,5,9,0,NA
"MN","01",42.33,142164,57.52,193211,0.15,49.6,NA,NA,48.2,NA,NA,NA,NA,NA,NA,NA,NA,NA,NA,NA,NA,NA,NA,NA,NA,NA,"D"
"MN","02",54.01,193587,45.85,164338,0.14,49.1,NA,NA,49,NA,NA,NA,NA,NA,NA,NA,NA,NA,NA,NA,NA,NA,NA,NA,NA,NA,"R"
"MN","03",58.1,222335,41.79,159937,0.11,49.6,NA,NA,48.8,NA,NA,NA,NA,NA,NA,NA,NA,NA,NA,NA,NA,NA,NA,NA,NA,NA,"R"
"MN","04",31.51,109659,62.27,216685,6.22,62.5,NA,NA,35.5,NA,NA,NA,NA,NA,NA,NA,NA,NA,NA,NA,NA,NA,NA,NA,NA,NA,"D"
"MN","05",25.22,88753,74.47,262102,0.31,73.5,NA,NA,24,NA,NA,NA,NA,NA,NA,NA,NA,NA,NA,NA,NA,NA,NA,NA,NA,NA,"D"
"MN","06",50.47,179240,49.26,174944,0.27,41.5,NA,NA,56.5,NA,NA,NA,NA,NA,NA,NA,NA,NA,NA,NA,NA,NA,NA,NA,NA,NA,"R"
"MN","07",34.85,114151,60.38,197791,4.77,44.1,NA,NA,53.9,NA,NA,NA,NA,NA,NA,NA,NA,NA,NA,NA,NA,NA,NA,NA,NA,NA,"D"
"MN","08",45.39,160520,54.28,191976,0.33,51.7,NA,NA,46.2,NA,NA,NA,NA,NA,NA,NA,NA,NA,NA,NA,NA,NA,NA,NA,NA,NA,"D"
"MN","S",42.9,849932,53.2,1052794,3.9,52.65,1546167,10,44.96,1320225,0,5314879,1.72,10,531488,2,2657440,8,664360,"WTA",2,0,0,5,3,0,NA
"MO","01",17.86,60832,78.67,267927,3.47,79.9,NA,NA,18.9,NA,NA,NA,NA,NA,NA,NA,NA,NA,NA,NA,NA,NA,NA,NA,NA,NA,"D"
"MO","02",60.08,236971,37.08,146272,2.84,41.4,NA,NA,57.1,NA,NA,NA,NA,NA,NA,NA,NA,NA,NA,NA,NA,NA,NA,NA,NA,NA,"R"
"MO","03",63.49,214843,32.86,111189,3.65,36.1,NA,NA,62,NA,NA,NA,NA,NA,NA,NA,NA,NA,NA,NA,NA,NA,NA,NA,NA,NA,"R"
"MO","04",60.31,192237,35.49,113120,4.2,36.4,NA,NA,61.2,NA,NA,NA,NA,NA,NA,NA,NA,NA,NA,NA,NA,NA,NA,NA,NA,NA,"R"
"MO","05",36.91,122149,60.52,200290,2.57,58.9,NA,NA,39.4,NA,NA,NA,NA,NA,NA,NA,NA,NA,NA,NA,NA,NA,NA,NA,NA,NA,"D"
"MO","06",65,216906,32.52,108503,2.48,37.9,NA,NA,60,NA,NA,NA,NA,NA,NA,NA,NA,NA,NA,NA,NA,NA,NA,NA,NA,NA,"R"
"MO","07",63.87,203565,30.9,98498,5.23,30.3,NA,NA,67.6,NA,NA,NA,NA,NA,NA,NA,NA,NA,NA,NA,NA,NA,NA,NA,NA,NA,"R"
"MO","08",71.93,216083,24.55,73755,3.52,32,NA,NA,65.9,NA,NA,NA,NA,NA,NA,NA,NA,NA,NA,NA,NA,NA,NA,NA,NA,NA,"R"
"MO","S",39.11,1066159,54.81,1494125,6.08,44.38,1223796,0,53.76,1482440,10,6011478,1.94,10,601148,2,3005739,8,751435,"WTA",1,1,0,2,6,0,NA
"MS","01",60.41,186760,36.9,114076,2.69,37,NA,NA,61.9,NA,NA,NA,NA,NA,NA,NA,NA,NA,NA,NA,NA,NA,NA,NA,NA,NA,"R"
"MS","02",30.96,99160,67.13,214978,1.91,66.4,NA,NA,33,NA,NA,NA,NA,NA,NA,NA,NA,NA,NA,NA,NA,NA,NA,NA,NA,NA,"D"
"MS","03",80.02,234717,0,0,19.98,39.1,NA,NA,60,NA,NA,NA,NA,NA,NA,NA,NA,NA,NA,NA,NA,NA,NA,NA,NA,NA,"R"
"MS","04",64.11,182998,28.85,82344,7.04,31.2,NA,NA,67.6,NA,NA,NA,NA,NA,NA,NA,NA,NA,NA,NA,NA,NA,NA,NA,NA,NA,"R"
"MS","S",60.4,370208,37.4,228974,2.2,43.79,562949,0,55.29,710746,6,2978240,0.96,6,496373,2,1489120,4,744560,"WTA",0,2,0,1,3,0,NA
"MT","00",53.25,255468,42.72,204939,4.03,41.7,NA,NA,55.4,NA,NA,NA,NA,NA,NA,NA,NA,NA,NA,NA,NA,NA,NA,NA,NA,NA,"R"
"MT","S",57.9,210863,40,145601,2.1,41.7,201839,0,55.35,267928,3,994416,0.32,3,331472,2,497208,1,994416,"WTA",2,0,0,0,1,0,NA
"NC","01",22.86,77288,75.32,254644,1.82,71.6,NA,NA,27.9,NA,NA,NA,NA,NA,NA,NA,NA,NA,NA,NA,NA,NA,NA,NA,NA,NA,"D"
"NC","02",55.9,174066,41.42,128973,2.68,41.7,NA,NA,57.3,NA,NA,NA,NA,NA,NA,NA,NA,NA,NA,NA,NA,NA,NA,NA,NA,NA,"R"
"NC","03",63.11,195571,36.89,114314,0,41,NA,NA,58,NA,NA,NA,NA,NA,NA,NA,NA,NA,NA,NA,NA,NA,NA,NA,NA,NA,"R"
"NC","04",25.53,88951,74.47,259534,0,71.4,NA,NA,27.4,NA,NA,NA,NA,NA,NA,NA,NA,NA,NA,NA,NA,NA,NA,NA,NA,NA,"D"
"NC","05",0,0,42.46,148252,57.54,39.8,NA,NA,59.1,NA,NA,NA,NA,NA,NA,NA,NA,NA,NA,NA,NA,NA,NA,NA,NA,NA,"D"
"NC","06",60.92,222116,39.08,142467,0,41.3,NA,NA,57.7,NA,NA,NA,NA,NA,NA,NA,NA,NA,NA,NA,NA,NA,NA,NA,NA,NA,"R"
"NC","07",49.9,168041,50.1,168695,0,39.9,NA,NA,59.2,NA,NA,NA,NA,NA,NA,NA,NA,NA,NA,NA,NA,NA,NA,NA,NA,NA,"D"
"NC","08",53.16,160695,45.37,137139,1.47,41,NA,NA,58.1,NA,NA,NA,NA,NA,NA,NA,NA,NA,NA,NA,NA,NA,NA,NA,NA,NA,"R"
"NC","09",51.78,194537,45.65,171503,2.57,42.8,NA,NA,56.2,NA,NA,NA,NA,NA,NA,NA,NA,NA,NA,NA,NA,NA,NA,NA,NA,NA,"R"
"NC","10",56.99,190826,43.01,144023,0,40.9,NA,NA,58,NA,NA,NA,NA,NA,NA,NA,NA,NA,NA,NA,NA,NA,NA,NA,NA,NA,"R"
"NC","11",57.42,190319,42.58,141107,0,37.8,NA,NA,60.9,NA,NA,NA,NA,NA,NA,NA,NA,NA,NA,NA,NA,NA,NA,NA,NA,NA,"R"
"NC","12",20.37,63317,79.63,247591,0,78.5,NA,NA,20.8,NA,NA,NA,NA,NA,NA,NA,NA,NA,NA,NA,NA,NA,NA,NA,NA,NA,"D"
"NC","13",0,0,43.2,160115,56.8,43.5,NA,NA,55.4,NA,NA,NA,NA,NA,NA,NA,NA,NA,NA,NA,NA,NA,NA,NA,NA,NA,"D"
"NC","S",49,1413269,47.3,1364758,3.7,48.35,2178391,0,50.39,2270395,15,9565781,3.09,15,637719,2,4782891,13,735829,"WTA",1,1,0,4,9,0,NA
"ND","00",54.87,173433,41.72,131869,3.41,38.9,NA,NA,58.7,NA,NA,NA,NA,NA,NA,NA,NA,NA,NA,NA,NA,NA,NA,NA,NA,NA,"R"
"ND","S",49.33,158282,50.23,161163,0.44,38.69,124827,0,58.32,188163,3,675905,0.22,3,225302,2,337953,1,675905,"WTA",1,1,0,0,1,0,NA
"NE","01",68.29,174889,31.71,81206,0,40.8,NA,0,57.4,NA,1,NA,NA,NA,NA,NA,NA,NA,NA,NA,NA,NA,NA,NA,NA,NA,"R"
"NE","02",50.8,133964,49.2,129767,0,45.7,NA,0,52.9,NA,1,NA,NA,NA,NA,NA,NA,NA,NA,NA,NA,NA,NA,NA,NA,NA,"R"
"NE","03",74.17,187423,25.83,65266,0,27.8,NA,0,70.2,NA,1,NA,NA,NA,NA,NA,NA,NA,NA,NA,NA,NA,NA,NA,NA,NA,"R"
"NE","S",64.8,339868,31.1,162874,4.1,38.03,302081,0,59.8,475064,2,1831825,0.59,5,366365,2,915913,3,610608,"CD",0,2,0,0,3,0,NA
"NH","01",45.99,158659,49.75,171650,4.26,50.2,NA,NA,48.6,NA,NA,NA,NA,NA,NA,NA,NA,NA,NA,NA,NA,NA,NA,NA,NA,NA,"D"
"NH","02",45.34,152977,50.17,169275,4.49,54.2,NA,NA,44.5,NA,NA,NA,NA,NA,NA,NA,NA,NA,NA,NA,NA,NA,NA,NA,NA,NA,"D"
"NH","S",48.4,234846,51.6,250722,0,51.98,369561,4,46.4,329918,0,1321445,0.43,4,330361,2,660723,2,660723,"WTA",1,1,0,2,0,0,NA
"NJ","01",29.97,92459,68.22,210470,1.81,65.1,NA,NA,33.8,NA,NA,NA,NA,NA,NA,NA,NA,NA,NA,NA,NA,NA,NA,NA,NA,NA,"D"
"NJ","02",57.66,166679,40.29,116463,2.05,53.5,NA,NA,45.4,NA,NA,NA,NA,NA,NA,NA,NA,NA,NA,NA,NA,NA,NA,NA,NA,NA,"R"
"NJ","03",53.72,174257,44.85,145509,1.43,51.8,NA,NA,47.2,NA,NA,NA,NA,NA,NA,NA,NA,NA,NA,NA,NA,NA,NA,NA,NA,NA,"R"
"NJ","04",63.72,195146,35.26,107992,1.02,44.7,NA,NA,54.2,NA,NA,NA,NA,NA,NA,NA,NA,NA,NA,NA,NA,NA,NA,NA,NA,NA,"R"
"NJ","05",55.03,167503,42.74,130102,2.23,47.9,NA,NA,51,NA,NA,NA,NA,NA,NA,NA,NA,NA,NA,NA,NA,NA,NA,NA,NA,NA,"R"
"NJ","06",35.2,84360,63.34,151782,1.46,61.4,NA,NA,37.4,NA,NA,NA,NA,NA,NA,NA,NA,NA,NA,NA,NA,NA,NA,NA,NA,NA,"D"
"NJ","07",57.16,175704,40.04,123090,2.8,46.3,NA,NA,52.5,NA,NA,NA,NA,NA,NA,NA,NA,NA,NA,NA,NA,NA,NA,NA,NA,NA,"R"
"NJ","08",18.93,31767,77.98,130857,3.09,78.3,NA,NA,20.7,NA,NA,NA,NA,NA,NA,NA,NA,NA,NA,NA,NA,NA,NA,NA,NA,NA,"D"
"NJ","09",25.03,55094,73.97,162834,1,68.3,NA,NA,30.8,NA,NA,NA,NA,NA,NA,NA,NA,NA,NA,NA,NA,NA,NA,NA,NA,NA,"D"
"NJ","10",11,23015,87,185196,2,87.9,NA,NA,11.5,NA,NA,NA,NA,NA,NA,NA,NA,NA,NA,NA,NA,NA,NA,NA,NA,NA,"D"
"NJ","11",58.81,182239,39.99,123935,1.2,46.6,NA,NA,52.4,NA,NA,NA,NA,NA,NA,NA,NA,NA,NA,NA,NA,NA,NA,NA,NA,NA,"R"
"NJ","12",29.49,80907,69.22,189938,1.29,66.5,NA,NA,32.4,NA,NA,NA,NA,NA,NA,NA,NA,NA,NA,NA,NA,NA,NA,NA,NA,NA,"D"
"NJ","S",42.4,772991,55.8,1016204,1.8,58.38,2125101,14,40.59,1477568,0,8807501,2.84,14,629107,2,4403751,12,733958,"WTA",2,0,0,6,6,0,NA
"NM","01",40.77,112473,59.06,162924,0.17,55.3,NA,NA,39.6,NA,NA,NA,NA,NA,NA,NA,NA,NA,NA,NA,NA,NA,NA,NA,NA,NA,"D"
"NM","02",55.07,113180,44.84,92162,0.09,44.9,NA,NA,51.7,NA,NA,NA,NA,NA,NA,NA,NA,NA,NA,NA,NA,NA,NA,NA,NA,NA,"R"
"NM","03",36.88,97616,63.12,167103,0,57.5,NA,NA,38.7,NA,NA,NA,NA,NA,NA,NA,NA,NA,NA,NA,NA,NA,NA,NA,NA,NA,"D"
"NM","S",44.6,225706,55.4,280074,0,52.99,415335,5,42.84,335788,0,2067273,0.67,5,413455,2,1033637,3,689091,"WTA",2,0,0,2,1,0,NA
"NV","01",31.53,56521,63.57,113967,4.9,65.6,NA,NA,32.4,NA,NA,NA,NA,NA,NA,NA,NA,NA,NA,NA,NA,NA,NA,NA,NA,NA,"D"
"NV","02",57.63,162213,36.25,102019,6.12,44.8,NA,NA,52.9,NA,NA,NA,NA,NA,NA,NA,NA,NA,NA,NA,NA,NA,NA,NA,NA,NA,"R"
"NV","03",50.36,137244,42.87,116823,6.77,49.5,NA,NA,48.7,NA,NA,NA,NA,NA,NA,NA,NA,NA,NA,NA,NA,NA,NA,NA,NA,NA,"R"
"NV","04",42.11,101261,50.11,120501,7.78,54.4,NA,NA,43.7,NA,NA,NA,NA,NA,NA,NA,NA,NA,NA,NA,NA,NA,NA,NA,NA,NA,"D"
"NV","S",45.87,457656,44.71,446080,9.42,52.36,531373,6,45.68,463567,0,2709432,0.87,6,451572,2,1354716,4,677358,"WTA",1,1,0,2,2,0,NA
"NY","01",38.48,107226,48.49,135118,13.03,49.6,NA,NA,49.1,NA,NA,NA,NA,NA,NA,NA,NA,NA,NA,NA,NA,NA,NA,NA,NA,NA,"D"
"NY","02",0,0,2.65,6431,97.35,51.6,NA,NA,47.2,NA,NA,NA,NA,NA,NA,NA,NA,NA,NA,NA,NA,NA,NA,NA,NA,NA,"D"
"NY","03",0,0,53.55,146271,46.45,50.8,NA,NA,48.2,NA,NA,NA,NA,NA,NA,NA,NA,NA,NA,NA,NA,NA,NA,NA,NA,NA,"D"
"NY","04",32.03,84982,57.52,152590,10.45,56.3,NA,NA,42.8,NA,NA,NA,NA,NA,NA,NA,NA,NA,NA,NA,NA,NA,NA,NA,NA,NA,"D"
"NY","05",9.55,17875,89.68,167836,0.77,90.6,NA,NA,9.1,NA,NA,NA,NA,NA,NA,NA,NA,NA,NA,NA,NA,NA,NA,NA,NA,NA,"D"
"NY","06",27.98,45993,65.4,107507,6.62,67.8,NA,NA,31,NA,NA,NA,NA,NA,NA,NA,NA,NA,NA,NA,NA,NA,NA,NA,NA,NA,"D"
"NY","07",0,0,88.62,134802,11.38,88.4,NA,NA,10.3,NA,NA,NA,NA,NA,NA,NA,NA,NA,NA,NA,NA,NA,NA,NA,NA,NA,"D"
"NY","08",7.76,15841,87.5,178688,4.74,89.2,NA,NA,10.2,NA,NA,NA,NA,NA,NA,NA,NA,NA,NA,NA,NA,NA,NA,NA,NA,NA,"D"
"NY","09",9.79,20899,83.48,178168,6.73,85.2,NA,NA,13.9,NA,NA,NA,NA,NA,NA,NA,NA,NA,NA,NA,NA,NA,NA,NA,NA,NA,"D"
"NY","10",17.31,35538,76.27,156619,6.42,73.6,NA,NA,25.1,NA,NA,NA,NA,NA,NA,NA,NA,NA,NA,NA,NA,NA,NA,NA,NA,NA,"D"
"NY","11",46.06,91030,44.38,87720,9.56,51.6,NA,NA,47.3,NA,NA,NA,NA,NA,NA,NA,NA,NA,NA,NA,NA,NA,NA,NA,NA,NA,"R"
"NY","12",17.44,42110,76.94,185757,5.62,76.9,NA,NA,21.5,NA,NA,NA,NA,NA,NA,NA,NA,NA,NA,NA,NA,NA,NA,NA,NA,NA,"D"
"NY","13",6.3,12147,88.48,170690,5.22,94.6,NA,NA,4.6,NA,NA,NA,NA,NA,NA,NA,NA,NA,NA,NA,NA,NA,NA,NA,NA,NA,"D"
"NY","14",13.22,19191,79.98,116117,6.8,80.7,NA,NA,18.3,NA,NA,NA,NA,NA,NA,NA,NA,NA,NA,NA,NA,NA,NA,NA,NA,NA,"D"
"NY","15",2.22,3487,95.63,150243,2.15,96.7,NA,NA,3,NA,NA,NA,NA,NA,NA,NA,NA,NA,NA,NA,NA,NA,NA,NA,NA,NA,"D"
"NY","16",22.8,53935,73.51,173886,3.69,73.7,NA,NA,25.5,NA,NA,NA,NA,NA,NA,NA,NA,NA,NA,NA,NA,NA,NA,NA,NA,NA,"D"
"NY","17",34.52,91899,60.71,161624,4.77,57.1,NA,NA,41.9,NA,NA,NA,NA,NA,NA,NA,NA,NA,NA,NA,NA,NA,NA,NA,NA,NA,"D"
"NY","18",40.92,113386,47.81,132456,11.27,51.4,NA,NA,47.1,NA,NA,NA,NA,NA,NA,NA,NA,NA,NA,NA,NA,NA,NA,NA,NA,NA,"D"
"NY","19",43.23,123066,3.35,9550,53.42,52.1,NA,NA,45.9,NA,NA,NA,NA,NA,NA,NA,NA,NA,NA,NA,NA,NA,NA,NA,NA,NA,"R"
"NY","20",26.61,79102,60.91,181093,12.48,59.2,NA,NA,38.8,NA,NA,NA,NA,NA,NA,NA,NA,NA,NA,NA,NA,NA,NA,NA,NA,NA,"D"
"NY","21",41.32,104368,46.67,117856,12.01,52.2,NA,NA,46.1,NA,NA,NA,NA,NA,NA,NA,NA,NA,NA,NA,NA,NA,NA,NA,NA,NA,"D"
"NY","22",55.6,145042,4.94,12899,39.46,48.8,NA,NA,49.2,NA,NA,NA,NA,NA,NA,NA,NA,NA,NA,NA,NA,NA,NA,NA,NA,NA,"R"
"NY","23",44.35,117641,2.17,5755,53.48,48.4,NA,NA,49.6,NA,NA,NA,NA,NA,NA,NA,NA,NA,NA,NA,NA,NA,NA,NA,NA,NA,"R"
"NY","24",36.04,105584,45.7,133908,18.26,57,NA,NA,41.1,NA,NA,NA,NA,NA,NA,NA,NA,NA,NA,NA,NA,NA,NA,NA,NA,NA,"D"
"NY","25",34.87,109292,53.84,168761,11.29,58.8,NA,NA,39.4,NA,NA,NA,NA,NA,NA,NA,NA,NA,NA,NA,NA,NA,NA,NA,NA,NA,"D"
"NY","26",20.18,57368,68.68,195234,11.14,63.9,NA,NA,34.3,NA,NA,NA,NA,NA,NA,NA,NA,NA,NA,NA,NA,NA,NA,NA,NA,NA,"D"
"NY","27",43.22,137250,44.09,140008,12.69,42.9,NA,NA,55.3,NA,NA,NA,NA,NA,NA,NA,NA,NA,NA,NA,NA,NA,NA,NA,NA,NA,"D"
"NY","S",22.72,1517578,72.19,4822330,5.09,63.35,4485741,29,35.17,2490431,0,19421055,6.27,29,669692,2,9710528,27,719298,"WTA",2,0,0,21,6,0,NA
"OH","01",57.73,201907,37.6,131490,4.67,46.3,NA,NA,52.4,NA,NA,NA,NA,NA,NA,NA,NA,NA,NA,NA,NA,NA,NA,NA,NA,NA,"R"
"OH","02",58.63,194299,41.37,137082,0,43.7,NA,NA,54.7,NA,NA,NA,NA,NA,NA,NA,NA,NA,NA,NA,NA,NA,NA,NA,NA,NA,"R"
"OH","03",26.35,77903,68.29,201921,5.36,69.7,NA,NA,28.9,NA,NA,NA,NA,NA,NA,NA,NA,NA,NA,NA,NA,NA,NA,NA,NA,NA,"D"
"OH","04",58.35,182643,36.49,114214,5.16,42,NA,NA,56,NA,NA,NA,NA,NA,NA,NA,NA,NA,NA,NA,NA,NA,NA,NA,NA,NA,"R"
"OH","05",57.27,201514,39.16,137806,3.57,44.1,NA,NA,53.9,NA,NA,NA,NA,NA,NA,NA,NA,NA,NA,NA,NA,NA,NA,NA,NA,NA,"R"
"OH","06",53.25,164536,46.75,144444,0,42.7,NA,NA,55.2,NA,NA,NA,NA,NA,NA,NA,NA,NA,NA,NA,NA,NA,NA,NA,NA,NA,"R"
"OH","07",56.4,178104,43.6,137708,0,44.2,NA,NA,53.7,NA,NA,NA,NA,NA,NA,NA,NA,NA,NA,NA,NA,NA,NA,NA,NA,NA,"R"
"OH","08",99.97,246380,0,0,0.03,36.4,NA,NA,61.9,NA,NA,NA,NA,NA,NA,NA,NA,NA,NA,NA,NA,NA,NA,NA,NA,NA,"R"
"OH","09",23.03,68666,73.04,217775,3.93,67.6,NA,NA,30.9,NA,NA,NA,NA,NA,NA,NA,NA,NA,NA,NA,NA,NA,NA,NA,NA,NA,"D"
"OH","10",59.54,208201,37.49,131097,2.97,48.2,NA,NA,50.1,NA,NA,NA,NA,NA,NA,NA,NA,NA,NA,NA,NA,NA,NA,NA,NA,NA,"R"
"OH","11",0,0,100,258378,0,82.8,NA,NA,16.5,NA,NA,NA,NA,NA,NA,NA,NA,NA,NA,NA,NA,NA,NA,NA,NA,NA,"D"
"OH","12",63.47,233874,36.53,134614,0,43.9,NA,NA,54.4,NA,NA,NA,NA,NA,NA,NA,NA,NA,NA,NA,NA,NA,NA,NA,NA,NA,"R"
"OH","13",27.23,88120,72.77,235492,0,62.9,NA,NA,35.4,NA,NA,NA,NA,NA,NA,NA,NA,NA,NA,NA,NA,NA,NA,NA,NA,NA,"D"
"OH","14",54.04,183660,38.73,131638,7.23,47.6,NA,NA,50.9,NA,NA,NA,NA,NA,NA,NA,NA,NA,NA,NA,NA,NA,NA,NA,NA,NA,"R"
"OH","15",61.56,205277,38.44,128188,0,46.3,NA,NA,51.9,NA,NA,NA,NA,NA,NA,NA,NA,NA,NA,NA,NA,NA,NA,NA,NA,NA,"R"
"OH","16",52.05,185167,47.95,170604,0,45.2,NA,NA,53.4,NA,NA,NA,NA,NA,NA,NA,NA,NA,NA,NA,NA,NA,NA,NA,NA,NA,"R"
"OH","S",44.7,2435712,50.7,2762690,4.6,50.67,2827710,18,47.69,2661433,0,11568495,3.73,18,642694,2,5784248,16,723031,"WTA",1,1,0,4,12,0,NA
"OK","01",63.47,181084,32.04,91421,4.49,34.2,NA,NA,65.8,NA,NA,NA,NA,NA,NA,NA,NA,NA,NA,NA,NA,NA,NA,NA,NA,NA,"R"
"OK","02",57.34,143701,38.34,96081,4.32,32.2,NA,NA,67.8,NA,NA,NA,NA,NA,NA,NA,NA,NA,NA,NA,NA,NA,NA,NA,NA,NA,"R"
"OK","03",75.28,201744,19.95,53472,4.77,26.1,NA,NA,73.9,NA,NA,NA,NA,NA,NA,NA,NA,NA,NA,NA,NA,NA,NA,NA,NA,NA,"R"
"OK","04",67.89,176740,27.6,71846,4.51,32.9,NA,NA,67.1,NA,NA,NA,NA,NA,NA,NA,NA,NA,NA,NA,NA,NA,NA,NA,NA,NA,"R"
"OK","05",58.7,153603,37.26,97504,4.04,40.8,NA,NA,59.2,NA,NA,NA,NA,NA,NA,NA,NA,NA,NA,NA,NA,NA,NA,NA,NA,NA,"R"
"OK","S",68,557537,28.5,233932,3.5,33.23,443547,0,66.77,891325,7,3764882,1.22,7,537840,2,1882441,5,752976,"WTA",0,2,0,0,5,0,NA
"OR","01",33.04,109699,59.6,197845,7.36,57.3,NA,NA,40,NA,NA,NA,NA,NA,NA,NA,NA,NA,NA,NA,NA,NA,NA,NA,NA,NA,"D"
"OR","02",68.63,228043,29.12,96741,2.25,40.5,NA,NA,56.8,NA,NA,NA,NA,NA,NA,NA,NA,NA,NA,NA,NA,NA,NA,NA,NA,NA,"R"
"OR","03",19.76,70325,74.46,264979,5.78,72,NA,NA,24.7,NA,NA,NA,NA,NA,NA,NA,NA,NA,NA,NA,NA,NA,NA,NA,NA,NA,"D"
"OR","04",39.03,140549,59.11,212866,1.86,51.7,NA,NA,45,NA,NA,NA,NA,NA,NA,NA,NA,NA,NA,NA,NA,NA,NA,NA,NA,NA,"D"
"OR","05",42.45,139223,54.04,177229,3.51,50.5,NA,NA,47.1,NA,NA,NA,NA,NA,NA,NA,NA,NA,NA,NA,NA,NA,NA,NA,NA,NA,"D"
"OR","S",37.3,498191,55.8,744516,6.9,54.24,970488,7,42.15,754175,0,3848606,1.24,7,549801,2,1924303,5,769721,"WTA",2,0,0,4,1,0,NA
"PA","01",15.05,41708,84.95,235394,0,82.3,NA,NA,16.9,NA,NA,NA,NA,NA,NA,NA,NA,NA,NA,NA,NA,NA,NA,NA,NA,NA,"D"
"PA","02",9.37,33381,89.28,318176,1.35,90.4,NA,NA,9,NA,NA,NA,NA,NA,NA,NA,NA,NA,NA,NA,NA,NA,NA,NA,NA,NA,"D"
"PA","03",54.82,165826,40.97,123933,4.21,43,NA,NA,55.6,NA,NA,NA,NA,NA,NA,NA,NA,NA,NA,NA,NA,NA,NA,NA,NA,NA,"R"
"PA","04",59.74,181603,34.42,104643,5.84,41.5,NA,NA,57.1,NA,NA,NA,NA,NA,NA,NA,NA,NA,NA,NA,NA,NA,NA,NA,NA,NA,"R"
"PA","05",62.92,177740,37.08,104725,0,41.5,NA,NA,57.1,NA,NA,NA,NA,NA,NA,NA,NA,NA,NA,NA,NA,NA,NA,NA,NA,NA,"R"
"PA","06",57.14,191725,42.86,143803,0,48.1,NA,NA,50.6,NA,NA,NA,NA,NA,NA,NA,NA,NA,NA,NA,NA,NA,NA,NA,NA,NA,"R"
"PA","07",59.4,209942,40.6,143509,0,48.5,NA,NA,50.4,NA,NA,NA,NA,NA,NA,NA,NA,NA,NA,NA,NA,NA,NA,NA,NA,NA,"R"
"PA","08",56.6,199379,43.4,152859,0,49.3,NA,NA,49.4,NA,NA,NA,NA,NA,NA,NA,NA,NA,NA,NA,NA,NA,NA,NA,NA,NA,"R"
"PA","09",61.67,169177,38.33,105128,0,35.9,NA,NA,62.8,NA,NA,NA,NA,NA,NA,NA,NA,NA,NA,NA,NA,NA,NA,NA,NA,NA,"R"
"PA","10",65.58,179563,34.42,94227,0,38.4,NA,NA,60.1,NA,NA,NA,NA,NA,NA,NA,NA,NA,NA,NA,NA,NA,NA,NA,NA,NA,"R"
"PA","11",58.54,166967,41.46,118231,0,44.5,NA,NA,53.9,NA,NA,NA,NA,NA,NA,NA,NA,NA,NA,NA,NA,NA,NA,NA,NA,NA,"R"
"PA","12",51.74,175352,48.26,163589,0,40.9,NA,NA,57.8,NA,NA,NA,NA,NA,NA,NA,NA,NA,NA,NA,NA,NA,NA,NA,NA,NA,"R"
"PA","13",30.91,93918,69.09,209901,0,66.2,NA,NA,32.9,NA,NA,NA,NA,NA,NA,NA,NA,NA,NA,NA,NA,NA,NA,NA,NA,NA,"D"
"PA","14",23.11,75702,76.89,251932,0,68,NA,NA,30.6,NA,NA,NA,NA,NA,NA,NA,NA,NA,NA,NA,NA,NA,NA,NA,NA,NA,"D"
"PA","15",56.75,168960,43.25,128764,0,47.9,NA,NA,50.8,NA,NA,NA,NA,NA,NA,NA,NA,NA,NA,NA,NA,NA,NA,NA,NA,NA,"R"
"PA","16",54.85,156192,39.04,111185,6.11,46.3,NA,NA,52.4,NA,NA,NA,NA,NA,NA,NA,NA,NA,NA,NA,NA,NA,NA,NA,NA,NA,"R"
"PA","17",39.69,106208,60.31,161393,0,55.4,NA,NA,43.3,NA,NA,NA,NA,NA,NA,NA,NA,NA,NA,NA,NA,NA,NA,NA,NA,NA,"D"
"PA","18",63.96,216727,36.04,122146,0,41,NA,NA,57.9,NA,NA,NA,NA,NA,NA,NA,NA,NA,NA,NA,NA,NA,NA,NA,NA,NA,"R"
"PA","S",44.57,2509132,53.67,3021364,1.76,51.97,2990274,20,46.59,2680434,0,12734905,4.11,20,636745,2,6367453,18,707495,"WTA",1,1,0,5,13,0,NA
"RI","01",40.82,83737,52.95,108612,6.23,66.2,NA,NA,32.2,NA,NA,NA,NA,NA,NA,NA,NA,NA,NA,NA,NA,NA,NA,NA,NA,NA,"D"
"RI","02",35.12,78189,55.72,124067,9.16,59.8,NA,NA,38.3,NA,NA,NA,NA,NA,NA,NA,NA,NA,NA,NA,NA,NA,NA,NA,NA,NA,"D"
"RI","S",29.3,92389,70.7,222776,0,62.7,279677,4,35.24,157204,0,1055247,0.34,4,263812,2,527624,2,527624,"WTA",2,0,0,2,0,0,NA
"SC","01",62.03,179908,33.84,98154,4.13,40.2,NA,NA,58.3,NA,NA,NA,NA,NA,NA,NA,NA,NA,NA,NA,NA,NA,NA,NA,NA,NA,"R"
"SC","02",96.27,196116,0,0,3.73,39.4,NA,NA,59.1,NA,NA,NA,NA,NA,NA,NA,NA,NA,NA,NA,NA,NA,NA,NA,NA,NA,"R"
"SC","03",66.54,169512,33.26,84735,0.2,33.9,NA,NA,64.5,NA,NA,NA,NA,NA,NA,NA,NA,NA,NA,NA,NA,NA,NA,NA,NA,NA,"R"
"SC","04",64.9,173201,31.51,84087,3.59,36.2,NA,NA,62.2,NA,NA,NA,NA,NA,NA,NA,NA,NA,NA,NA,NA,NA,NA,NA,NA,NA,"R"
"SC","05",55.51,154324,40.97,113904,3.52,43.6,NA,NA,55.1,NA,NA,NA,NA,NA,NA,NA,NA,NA,NA,NA,NA,NA,NA,NA,NA,NA,"R"
"SC","06",0,0,93.62,218717,6.38,70.9,NA,NA,28.1,NA,NA,NA,NA,NA,NA,NA,NA,NA,NA,NA,NA,NA,NA,NA,NA,NA,"D"
"SC","07",55.51,153068,41.56,114594,2.93,44.4,NA,NA,54.5,NA,NA,NA,NA,NA,NA,NA,NA,NA,NA,NA,NA,NA,NA,NA,NA,NA,"R"
"SC","S",54.5,665605,38.9,475532,6.6,44.09,865941,0,54.56,1071645,9,4645975,1.5,9,516219,2,2322988,7,663711,"WTA",0,2,0,1,6,0,NA
"SD","00",57.45,207640,42.55,153789,0,39.9,NA,NA,57.9,NA,NA,NA,NA,NA,NA,NA,NA,NA,NA,NA,NA,NA,NA,NA,NA,NA,"R"
"SD","S",50.4,140721,29.5,82408,20.1,39.87,145039,0,57.89,210610,3,819761,0.26,3,273254,2,409881,1,819761,"WTA",1,1,0,0,1,0,NA
"TN","01",76.04,182252,19.89,47663,4.07,25.7,NA,NA,72.7,NA,NA,NA,NA,NA,NA,NA,NA,NA,NA,NA,NA,NA,NA,NA,NA,NA,"R"
"TN","02",74.44,196894,20.61,54522,4.95,30.9,NA,NA,67.3,NA,NA,NA,NA,NA,NA,NA,NA,NA,NA,NA,NA,NA,NA,NA,NA,NA,"R"
"TN","03",61.43,157830,35.46,91094,3.11,35.1,NA,NA,63.3,NA,NA,NA,NA,NA,NA,NA,NA,NA,NA,NA,NA,NA,NA,NA,NA,NA,"R"
"TN","04",55.76,128568,44.24,102022,0,33.1,NA,NA,65.3,NA,NA,NA,NA,NA,NA,NA,NA,NA,NA,NA,NA,NA,NA,NA,NA,NA,"R"
"TN","05",32.78,86240,65.23,171621,1.99,55.9,NA,NA,42.5,NA,NA,NA,NA,NA,NA,NA,NA,NA,NA,NA,NA,NA,NA,NA,NA,NA,"D"
"TN","06",76.43,184383,14.41,34766,9.16,29.5,NA,NA,69.1,NA,NA,NA,NA,NA,NA,NA,NA,NA,NA,NA,NA,NA,NA,NA,NA,NA,"R"
"TN","07",71.02,182730,23.97,61679,5.01,32.9,NA,NA,65.7,NA,NA,NA,NA,NA,NA,NA,NA,NA,NA,NA,NA,NA,NA,NA,NA,NA,"R"
"TN","08",68.33,190923,28.45,79490,3.22,32.8,NA,NA,66.1,NA,NA,NA,NA,NA,NA,NA,NA,NA,NA,NA,NA,NA,NA,NA,NA,NA,"R"
"TN","09",23.8,59742,75.07,188422,1.13,78.3,NA,NA,20.9,NA,NA,NA,NA,NA,NA,NA,NA,NA,NA,NA,NA,NA,NA,NA,NA,NA,"D"
"TN","S",61.9,849748,31.8,437175,6.3,39.08,960709,0,59.48,1462330,11,6375431,2.06,11,579585,2,3187716,9,708381,"WTA",0,2,0,2,7,0,NA
"TX","01",71.43,178322,26.93,67222,1.64,27.5,NA,NA,71.6,NA,NA,NA,NA,NA,NA,NA,NA,NA,NA,NA,NA,NA,NA,NA,NA,NA,"R"
"TX","02",64.82,159664,32.68,80512,2.5,35.6,NA,NA,62.9,NA,NA,NA,NA,NA,NA,NA,NA,NA,NA,NA,NA,NA,NA,NA,NA,NA,"R"
"TX","03",100,187180,0,0,0,34.2,NA,NA,64.3,NA,NA,NA,NA,NA,NA,NA,NA,NA,NA,NA,NA,NA,NA,NA,NA,NA,"R"
"TX","04",72.97,182679,24.05,60214,2.98,24.8,NA,NA,74,NA,NA,NA,NA,NA,NA,NA,NA,NA,NA,NA,NA,NA,NA,NA,NA,NA,"R"
"TX","05",64.4,134091,33.22,69178,2.38,34.4,NA,NA,64.5,NA,NA,NA,NA,NA,NA,NA,NA,NA,NA,NA,NA,NA,NA,NA,NA,NA,"R"
"TX","06",58.02,145019,39.23,98053,2.75,40.8,NA,NA,57.9,NA,NA,NA,NA,NA,NA,NA,NA,NA,NA,NA,NA,NA,NA,NA,NA,NA,"R"
"TX","07",60.81,142793,36.43,85553,2.76,38.6,NA,NA,59.9,NA,NA,NA,NA,NA,NA,NA,NA,NA,NA,NA,NA,NA,NA,NA,NA,NA,"R"
"TX","08",77.29,194043,20.33,51051,2.38,21.7,NA,NA,77,NA,NA,NA,NA,NA,NA,NA,NA,NA,NA,NA,NA,NA,NA,NA,NA,NA,"R"
"TX","09",19.69,36139,78.49,144075,1.82,78,NA,NA,21.1,NA,NA,NA,NA,NA,NA,NA,NA,NA,NA,NA,NA,NA,NA,NA,NA,NA,"D"
"TX","10",60.52,159783,36.25,95710,3.23,38.8,NA,NA,59.1,NA,NA,NA,NA,NA,NA,NA,NA,NA,NA,NA,NA,NA,NA,NA,NA,NA,"R"
"TX","11",78.64,177742,18.57,41970,2.79,19.6,NA,NA,79.2,NA,NA,NA,NA,NA,NA,NA,NA,NA,NA,NA,NA,NA,NA,NA,NA,NA,"R"
"TX","12",70.91,175649,26.68,66080,2.41,31.7,NA,NA,66.8,NA,NA,NA,NA,NA,NA,NA,NA,NA,NA,NA,NA,NA,NA,NA,NA,NA,"R"
"TX","13",90.98,187775,0,0,9.02,18.5,NA,NA,80.2,NA,NA,NA,NA,NA,NA,NA,NA,NA,NA,NA,NA,NA,NA,NA,NA,NA,"R"
"TX","14",53.47,131460,44.62,109697,1.91,39.5,NA,NA,59.3,NA,NA,NA,NA,NA,NA,NA,NA,NA,NA,NA,NA,NA,NA,NA,NA,NA,"R"
"TX","15",36.86,54056,60.89,89296,2.25,57.4,NA,NA,41.5,NA,NA,NA,NA,NA,NA,NA,NA,NA,NA,NA,NA,NA,NA,NA,NA,NA,"D"
"TX","16",32.93,51043,65.42,101403,1.65,64.2,NA,NA,34.5,NA,NA,NA,NA,NA,NA,NA,NA,NA,NA,NA,NA,NA,NA,NA,NA,NA,"D"
"TX","17",79.93,143284,0,0,20.07,37.7,NA,NA,60.4,NA,NA,NA,NA,NA,NA,NA,NA,NA,NA,NA,NA,NA,NA,NA,NA,NA,"R"
"TX","18",22.58,44015,75.01,146223,2.41,76.1,NA,NA,22.8,NA,NA,NA,NA,NA,NA,NA,NA,NA,NA,NA,NA,NA,NA,NA,NA,NA,"D"
"TX","19",84.99,163239,0,0,15.01,25,NA,NA,73.6,NA,NA,NA,NA,NA,NA,NA,NA,NA,NA,NA,NA,NA,NA,NA,NA,NA,"R"
"TX","20",33.5,62376,63.93,119032,2.57,58.9,NA,NA,39.7,NA,NA,NA,NA,NA,NA,NA,NA,NA,NA,NA,NA,NA,NA,NA,NA,NA,"D"
"TX","21",60.55,187015,35.4,109326,4.05,37.9,NA,NA,59.8,NA,NA,NA,NA,NA,NA,NA,NA,NA,NA,NA,NA,NA,NA,NA,NA,NA,"R"
"TX","22",64.03,160668,31.96,80203,4.01,36.7,NA,NA,62.1,NA,NA,NA,NA,NA,NA,NA,NA,NA,NA,NA,NA,NA,NA,NA,NA,NA,"R"
"TX","23",45.56,87547,50.31,96676,4.13,48.1,NA,NA,50.7,NA,NA,NA,NA,NA,NA,NA,NA,NA,NA,NA,NA,NA,NA,NA,NA,NA,"D"
"TX","24",61.02,148586,36,87645,2.98,38,NA,NA,60.4,NA,NA,NA,NA,NA,NA,NA,NA,NA,NA,NA,NA,NA,NA,NA,NA,NA,"R"
"TX","25",58.44,154245,37.44,98827,4.12,37.8,NA,NA,59.9,NA,NA,NA,NA,NA,NA,NA,NA,NA,NA,NA,NA,NA,NA,NA,NA,NA,"R"
"TX","26",68.27,176642,28.69,74237,3.04,30.7,NA,NA,67.6,NA,NA,NA,NA,NA,NA,NA,NA,NA,NA,NA,NA,NA,NA,NA,NA,NA,"R"
"TX","27",56.75,120684,39.22,83395,4.03,38.2,NA,NA,60.5,NA,NA,NA,NA,NA,NA,NA,NA,NA,NA,NA,NA,NA,NA,NA,NA,NA,"R"
"TX","28",29.77,49309,67.89,112456,2.34,60.3,NA,NA,38.7,NA,NA,NA,NA,NA,NA,NA,NA,NA,NA,NA,NA,NA,NA,NA,NA,NA,"D"
"TX","29",0,0,90,86053,10,65.9,NA,NA,33,NA,NA,NA,NA,NA,NA,NA,NA,NA,NA,NA,NA,NA,NA,NA,NA,NA,"D"
"TX","30",19,41222,78.82,171059,2.18,79.6,NA,NA,19.6,NA,NA,NA,NA,NA,NA,NA,NA,NA,NA,NA,NA,NA,NA,NA,NA,NA,"D"
"TX","31",61.28,145348,34.98,82977,3.74,38.3,NA,NA,59.6,NA,NA,NA,NA,NA,NA,NA,NA,NA,NA,NA,NA,NA,NA,NA,NA,NA,"R"
"TX","32",58.28,146653,39.46,99288,2.26,41.5,NA,NA,57,NA,NA,NA,NA,NA,NA,NA,NA,NA,NA,NA,NA,NA,NA,NA,NA,NA,"R"
"TX","33",25.77,30252,72.51,85114,1.72,72,NA,NA,27.1,NA,NA,NA,NA,NA,NA,NA,NA,NA,NA,NA,NA,NA,NA,NA,NA,NA,"D"
"TX","34",36.23,52448,61.89,89606,1.88,60.8,NA,NA,38.3,NA,NA,NA,NA,NA,NA,NA,NA,NA,NA,NA,NA,NA,NA,NA,NA,NA,"D"
"TX","35",32.02,52894,63.95,105626,4.03,63,NA,NA,34.6,NA,NA,NA,NA,NA,NA,NA,NA,NA,NA,NA,NA,NA,NA,NA,NA,NA,"D"
"TX","36",70.74,165405,26.58,62143,2.68,25.7,NA,NA,73.2,NA,NA,NA,NA,NA,NA,NA,NA,NA,NA,NA,NA,NA,NA,NA,NA,NA,"R"
"TX","S",61.6,2855068,34.4,1594252,4,41.38,3308124,0,57.17,4569843,38,25268418,8.16,38,664958,2,12634209,36,701901,"WTA",0,2,0,12,24,0,NA
"UT","01",71.47,175487,24.69,60611,3.84,20.4,NA,NA,77.4,NA,NA,NA,NA,NA,NA,NA,NA,NA,NA,NA,NA,NA,NA,NA,NA,NA,"R"
"UT","02",62.17,154523,33.47,83176,4.36,29.2,NA,NA,68,NA,NA,NA,NA,NA,NA,NA,NA,NA,NA,NA,NA,NA,NA,NA,NA,NA,"R"
"UT","03",76.61,198828,23.39,60719,0,19.5,NA,NA,78.3,NA,NA,NA,NA,NA,NA,NA,NA,NA,NA,NA,NA,NA,NA,NA,NA,NA,"R"
"UT","04",48.53,119035,48.84,119803,2.63,30.2,NA,NA,67.2,NA,NA,NA,NA,NA,NA,NA,NA,NA,NA,NA,NA,NA,NA,NA,NA,NA,"D"
"UT","S",65.31,657608,29.98,301873,4.71,24.75,251813,0,72.79,740600,6,2770765,0.89,6,461794,2,1385383,4,692691,"WTA",0,2,0,1,3,0,NA
"VA","01",56.29,200845,41.21,147036,2.5,45.6,NA,NA,53,NA,NA,NA,NA,NA,NA,NA,NA,NA,NA,NA,NA,NA,NA,NA,NA,NA,"R"
"VA","02",53.76,166231,46.1,142548,0.14,50.1,NA,NA,48.6,NA,NA,NA,NA,NA,NA,NA,NA,NA,NA,NA,NA,NA,NA,NA,NA,NA,"R"
"VA","03",18.48,58931,81.27,259199,0.25,79,NA,NA,20,NA,NA,NA,NA,NA,NA,NA,NA,NA,NA,NA,NA,NA,NA,NA,NA,NA,"D"
"VA","04",56.93,199292,42.91,150190,0.16,48.8,NA,NA,50.1,NA,NA,NA,NA,NA,NA,NA,NA,NA,NA,NA,NA,NA,NA,NA,NA,NA,"R"
"VA","05",55.44,193009,42.86,149214,1.7,45.9,NA,NA,52.5,NA,NA,NA,NA,NA,NA,NA,NA,NA,NA,NA,NA,NA,NA,NA,NA,NA,"R"
"VA","06",65.23,211278,34.56,111949,0.21,39.5,NA,NA,58.8,NA,NA,NA,NA,NA,NA,NA,NA,NA,NA,NA,NA,NA,NA,NA,NA,NA,"R"
"VA","07",58.39,222983,41.37,158012,0.24,41.7,NA,NA,56.9,NA,NA,NA,NA,NA,NA,NA,NA,NA,NA,NA,NA,NA,NA,NA,NA,NA,"R"
"VA","08",30.57,107370,64.59,226847,4.84,67.8,NA,NA,31,NA,NA,NA,NA,NA,NA,NA,NA,NA,NA,NA,NA,NA,NA,NA,NA,NA,"D"
"VA","09",61.29,184882,38.59,116400,0.12,34.9,NA,NA,63.1,NA,NA,NA,NA,NA,NA,NA,NA,NA,NA,NA,NA,NA,NA,NA,NA,NA,"R"
"VA","10",58.41,214038,38.76,142024,2.83,48.8,NA,NA,49.9,NA,NA,NA,NA,NA,NA,NA,NA,NA,NA,NA,NA,NA,NA,NA,NA,NA,"R"
"VA","11",35.49,117902,60.98,202606,3.53,62.5,NA,NA,36.3,NA,NA,NA,NA,NA,NA,NA,NA,NA,NA,NA,NA,NA,NA,NA,NA,NA,"D"
"VA","S",48.4,1054556,49.2,1071283,2.4,51.16,1971820,13,47.28,1822522,0,8037736,2.59,13,618287,2,4018868,11,730703,"WTA",2,0,0,3,8,0,NA
"VT","00",23.3,67543,71.95,208600,4.75,67,NA,NA,31.2,NA,NA,NA,NA,NA,NA,NA,NA,NA,NA,NA,NA,NA,NA,NA,NA,NA,"D"
"VT","S",24.9,72898,71,207848,4.1,66.57,199239,3,30.97,92698,0,630337,0.2,3,210112,2,315169,1,630337,"WTA",1,0,1,1,0,0,NA
"WA","01",46.1,151187,53.9,177025,0,54.1,NA,NA,43.3,NA,NA,NA,NA,NA,NA,NA,NA,NA,NA,NA,NA,NA,NA,NA,NA,NA,"D"
"WA","02",38.86,117465,61.14,184826,0,59.2,NA,NA,38,NA,NA,NA,NA,NA,NA,NA,NA,NA,NA,NA,NA,NA,NA,NA,NA,NA,"D"
"WA","03",60.38,177446,39.62,116438,0,47.9,NA,NA,49.6,NA,NA,NA,NA,NA,NA,NA,NA,NA,NA,NA,NA,NA,NA,NA,NA,NA,"R"
"WA","04",66.22,154749,33.78,78940,0,37.9,NA,NA,59.7,NA,NA,NA,NA,NA,NA,NA,NA,NA,NA,NA,NA,NA,NA,NA,NA,NA,"R"
"WA","05",61.92,191066,38.08,117512,0,43.7,NA,NA,53.5,NA,NA,NA,NA,NA,NA,NA,NA,NA,NA,NA,NA,NA,NA,NA,NA,NA,"R"
"WA","06",41,129725,59,186661,0,56.1,NA,NA,41.2,NA,NA,NA,NA,NA,NA,NA,NA,NA,NA,NA,NA,NA,NA,NA,NA,NA,"D"
"WA","07",20.35,76212,79.65,298368,0,79.2,NA,NA,18.1,NA,NA,NA,NA,NA,NA,NA,NA,NA,NA,NA,NA,NA,NA,NA,NA,NA,"D"
"WA","08",59.65,180204,40.35,121886,0,49.7,NA,NA,48.1,NA,NA,NA,NA,NA,NA,NA,NA,NA,NA,NA,NA,NA,NA,NA,NA,NA,"R"
"WA","09",28.38,76105,71.62,192034,0,68.3,NA,NA,29.6,NA,NA,NA,NA,NA,NA,NA,NA,NA,NA,NA,NA,NA,NA,NA,NA,NA,"D"
"WA","10",41.44,115381,58.56,163036,0,56.3,NA,NA,41.1,NA,NA,NA,NA,NA,NA,NA,NA,NA,NA,NA,NA,NA,NA,NA,NA,NA,"D"
"WA","S",39.55,1213924,60.45,1855493,0,56.16,1755396,12,41.29,1290670,0,6753369,2.18,12,562781,2,3376685,10,675337,"WTA",2,0,0,6,4,0,NA
"WI","01",54.9,200423,43.39,158414,1.71,47.4,NA,NA,51.6,NA,NA,NA,NA,NA,NA,NA,NA,NA,NA,NA,NA,NA,NA,NA,NA,NA,"R"
"WI","02",31.9,124683,67.9,265422,0.2,68.3,NA,NA,30.5,NA,NA,NA,NA,NA,NA,NA,NA,NA,NA,NA,NA,NA,NA,NA,NA,NA,"D"
"WI","03",35.82,121713,64.08,217712,0.1,54.8,NA,NA,43.8,NA,NA,NA,NA,NA,NA,NA,NA,NA,NA,NA,NA,NA,NA,NA,NA,NA,"D"
"WI","04",24.8,80787,72.21,235257,2.99,75.3,NA,NA,23.8,NA,NA,NA,NA,NA,NA,NA,NA,NA,NA,NA,NA,NA,NA,NA,NA,NA,"D"
"WI","05",67.72,250335,32.05,118478,0.23,37.7,NA,NA,61.3,NA,NA,NA,NA,NA,NA,NA,NA,NA,NA,NA,NA,NA,NA,NA,NA,NA,"R"
"WI","06",62.12,223460,37.78,135921,0.1,45.8,NA,NA,53.1,NA,NA,NA,NA,NA,NA,NA,NA,NA,NA,NA,NA,NA,NA,NA,NA,NA,"R"
"WI","07",56.08,201720,43.8,157524,0.12,47.8,NA,NA,50.9,NA,NA,NA,NA,NA,NA,NA,NA,NA,NA,NA,NA,NA,NA,NA,NA,NA,"R"
"WI","08",55.95,198874,43.97,156287,0.08,47.6,NA,NA,51.3,NA,NA,NA,NA,NA,NA,NA,NA,NA,NA,NA,NA,NA,NA,NA,NA,NA,"R"
"WI","S",45.86,1380126,51.41,1547104,2.73,52.83,1620985,10,45.89,1407966,0,5698230,1.84,10,569823,2,2849115,8,712279,"WTA",1,1,0,3,5,0,NA
"WV","01",62.48,133809,37.52,80342,0,35.5,NA,NA,62.2,NA,NA,NA,NA,NA,NA,NA,NA,NA,NA,NA,NA,NA,NA,NA,NA,NA,"R"
"WV","02",69.77,158206,30.23,68560,0,38,NA,NA,60,NA,NA,NA,NA,NA,NA,NA,NA,NA,NA,NA,NA,NA,NA,NA,NA,NA,"R"
"WV","03",46.02,92238,53.98,108199,0,32.8,NA,NA,65,NA,NA,NA,NA,NA,NA,NA,NA,NA,NA,NA,NA,NA,NA,NA,NA,NA,"D"
"WV","S",62.1,280123,34.5,155456,3.4,35.54,238269,0,62.3,417655,5,1859815,0.6,5,371963,2,929908,3,619938,"WTA",2,0,0,1,2,0,NA
"WY","00",68.89,166452,23.83,57573,7.28,27.6,NA,NA,68.2,NA,NA,NA,NA,NA,NA,NA,NA,NA,NA,NA,NA,NA,NA,NA,NA,NA,"R"
"WY","S",72.3,119534,17.6,29043,10.1,27.82,69286,0,68.64,170962,3,568300,0.18,3,189433,2,284150,1,568300,"WTA",0,2,0,0,1,0,NA
